c0_r0,c0_r1,c0_r2,c0_r3,c0_r4,c0_r5,c1_r0,c1_r1,c1_r2,c1_r3,c1_r4,c1_r5,c2_r0,c2_r1,c2_r2,c2_r3,c2_r4,c2_r5,c3_r0,c3_r1,c3_r2,c3_r3,c3_r4,c3_r5,c4_r0,c4_r1,c4_r2,c4_r3,c4_r4,c4_r5,c5_r0,c5_r1,c5_r2,c5_r3,c5_r4,c5_r5,c6_r0,c6_r1,c6_r2,c6_r3,c6_r4,c6_r5,classe_jogada
Vazio,Vazio,Vazio,Vazio,Vazio,Vazio,Vazio,Vazio,Vazio,Vazio,Vazio,Vazio,Vazio,Vazio,Vazio,Vazio,Vazio,Vazio,Vazio,Vazio,Vazio,Vazio,Vazio,Vazio,Vazio,Vazio,Vazio,Vazio,Vazio,Vazio,Vazio,Vazio,Vazio,Vazio,Vazio,Vazio,Vazio,Vazio,Vazio,Vazio,Vazio,Vazio,drop_2
Vazio,Vazio,Vazio,Vazio,Vazio,Vazio,Vazio,Vazio,Vazio,Vazio,Vazio,Vazio,X,Vazio,Vazio,Vazio,Vazio,Vazio,Vazio,Vazio,Vazio,Vazio,Vazio,Vazio,Vazio,Vazio,Vazio,Vazio,Vazio,Vazio,Vazio,Vazio,Vazio,Vazio,Vazio,Vazio,Vazio,Vazio,Vazio,Vazio,Vazio,Vazio,drop_5
Vazio,Vazio,Vazio,Vazio,Vazio,Vazio,Vazio,Vazio,Vazio,Vazio,Vazio,Vazio,X,Vazio,Vazio,Vazio,Vazio,Vazio,Vazio,Vazio,Vazio,Vazio,Vazio,Vazio,Vazio,Vazio,Vazio,Vazio,Vazio,Vazio,O,Vazio,Vazio,Vazio,Vazio,Vazio,Vazio,Vazio,Vazio,Vazio,Vazio,Vazio,drop_2
Vazio,Vazio,Vazio,Vazio,Vazio,Vazio,Vazio,Vazio,Vazio,Vazio,Vazio,Vazio,X,X,Vazio,Vazio,Vazio,Vazio,Vazio,Vazio,Vazio,Vazio,Vazio,Vazio,Vazio,Vazio,Vazio,Vazio,Vazio,Vazio,O,Vazio,Vazio,Vazio,Vazio,Vazio,Vazio,Vazio,Vazio,Vazio,Vazio,Vazio,drop_4
Vazio,Vazio,Vazio,Vazio,Vazio,Vazio,Vazio,Vazio,Vazio,Vazio,Vazio,Vazio,X,X,Vazio,Vazio,Vazio,Vazio,Vazio,Vazio,Vazio,Vazio,Vazio,Vazio,O,Vazio,Vazio,Vazio,Vazio,Vazio,O,Vazio,Vazio,Vazio,Vazio,Vazio,Vazio,Vazio,Vazio,Vazio,Vazio,Vazio,drop_3
Vazio,Vazio,Vazio,Vazio,Vazio,Vazio,Vazio,Vazio,Vazio,Vazio,Vazio,Vazio,X,X,Vazio,Vazio,Vazio,Vazio,X,Vazio,Vazio,Vazio,Vazio,Vazio,O,Vazio,Vazio,Vazio,Vazio,Vazio,O,Vazio,Vazio,Vazio,Vazio,Vazio,Vazio,Vazio,Vazio,Vazio,Vazio,Vazio,drop_5
Vazio,Vazio,Vazio,Vazio,Vazio,Vazio,Vazio,Vazio,Vazio,Vazio,Vazio,Vazio,X,X,Vazio,Vazio,Vazio,Vazio,X,Vazio,Vazio,Vazio,Vazio,Vazio,O,Vazio,Vazio,Vazio,Vazio,Vazio,O,O,Vazio,Vazio,Vazio,Vazio,Vazio,Vazio,Vazio,Vazio,Vazio,Vazio,drop_1
Vazio,Vazio,Vazio,Vazio,Vazio,Vazio,X,Vazio,Vazio,Vazio,Vazio,Vazio,X,X,Vazio,Vazio,Vazio,Vazio,X,Vazio,Vazio,Vazio,Vazio,Vazio,O,Vazio,Vazio,Vazio,Vazio,Vazio,O,O,Vazio,Vazio,Vazio,Vazio,Vazio,Vazio,Vazio,Vazio,Vazio,Vazio,drop_3
Vazio,Vazio,Vazio,Vazio,Vazio,Vazio,X,Vazio,Vazio,Vazio,Vazio,Vazio,X,X,Vazio,Vazio,Vazio,Vazio,X,O,Vazio,Vazio,Vazio,Vazio,O,Vazio,Vazio,Vazio,Vazio,Vazio,O,O,Vazio,Vazio,Vazio,Vazio,Vazio,Vazio,Vazio,Vazio,Vazio,Vazio,drop_0
Vazio,Vazio,Vazio,Vazio,Vazio,Vazio,Vazio,Vazio,Vazio,Vazio,Vazio,Vazio,Vazio,Vazio,Vazio,Vazio,Vazio,Vazio,Vazio,Vazio,Vazio,Vazio,Vazio,Vazio,Vazio,Vazio,Vazio,Vazio,Vazio,Vazio,Vazio,Vazio,Vazio,Vazio,Vazio,Vazio,Vazio,Vazio,Vazio,Vazio,Vazio,Vazio,drop_5
Vazio,Vazio,Vazio,Vazio,Vazio,Vazio,Vazio,Vazio,Vazio,Vazio,Vazio,Vazio,Vazio,Vazio,Vazio,Vazio,Vazio,Vazio,Vazio,Vazio,Vazio,Vazio,Vazio,Vazio,Vazio,Vazio,Vazio,Vazio,Vazio,Vazio,X,Vazio,Vazio,Vazio,Vazio,Vazio,Vazio,Vazio,Vazio,Vazio,Vazio,Vazio,drop_3
Vazio,Vazio,Vazio,Vazio,Vazio,Vazio,Vazio,Vazio,Vazio,Vazio,Vazio,Vazio,Vazio,Vazio,Vazio,Vazio,Vazio,Vazio,O,Vazio,Vazio,Vazio,Vazio,Vazio,Vazio,Vazio,Vazio,Vazio,Vazio,Vazio,X,Vazio,Vazio,Vazio,Vazio,Vazio,Vazio,Vazio,Vazio,Vazio,Vazio,Vazio,drop_4
Vazio,Vazio,Vazio,Vazio,Vazio,Vazio,Vazio,Vazio,Vazio,Vazio,Vazio,Vazio,Vazio,Vazio,Vazio,Vazio,Vazio,Vazio,O,Vazio,Vazio,Vazio,Vazio,Vazio,X,Vazio,Vazio,Vazio,Vazio,Vazio,X,Vazio,Vazio,Vazio,Vazio,Vazio,Vazio,Vazio,Vazio,Vazio,Vazio,Vazio,drop_4
Vazio,Vazio,Vazio,Vazio,Vazio,Vazio,Vazio,Vazio,Vazio,Vazio,Vazio,Vazio,Vazio,Vazio,Vazio,Vazio,Vazio,Vazio,O,Vazio,Vazio,Vazio,Vazio,Vazio,X,O,Vazio,Vazio,Vazio,Vazio,X,Vazio,Vazio,Vazio,Vazio,Vazio,Vazio,Vazio,Vazio,Vazio,Vazio,Vazio,drop_3
Vazio,Vazio,Vazio,Vazio,Vazio,Vazio,Vazio,Vazio,Vazio,Vazio,Vazio,Vazio,Vazio,Vazio,Vazio,Vazio,Vazio,Vazio,O,X,Vazio,Vazio,Vazio,Vazio,X,O,Vazio,Vazio,Vazio,Vazio,X,Vazio,Vazio,Vazio,Vazio,Vazio,Vazio,Vazio,Vazio,Vazio,Vazio,Vazio,drop_2
Vazio,Vazio,Vazio,Vazio,Vazio,Vazio,Vazio,Vazio,Vazio,Vazio,Vazio,Vazio,O,Vazio,Vazio,Vazio,Vazio,Vazio,O,X,Vazio,Vazio,Vazio,Vazio,X,O,Vazio,Vazio,Vazio,Vazio,X,Vazio,Vazio,Vazio,Vazio,Vazio,Vazio,Vazio,Vazio,Vazio,Vazio,Vazio,drop_1
Vazio,Vazio,Vazio,Vazio,Vazio,Vazio,X,Vazio,Vazio,Vazio,Vazio,Vazio,O,Vazio,Vazio,Vazio,Vazio,Vazio,O,X,Vazio,Vazio,Vazio,Vazio,X,O,Vazio,Vazio,Vazio,Vazio,X,Vazio,Vazio,Vazio,Vazio,Vazio,Vazio,Vazio,Vazio,Vazio,Vazio,Vazio,drop_0
O,Vazio,Vazio,Vazio,Vazio,Vazio,X,Vazio,Vazio,Vazio,Vazio,Vazio,O,Vazio,Vazio,Vazio,Vazio,Vazio,O,X,Vazio,Vazio,Vazio,Vazio,X,O,Vazio,Vazio,Vazio,Vazio,X,Vazio,Vazio,Vazio,Vazio,Vazio,Vazio,Vazio,Vazio,Vazio,Vazio,Vazio,drop_6
O,Vazio,Vazio,Vazio,Vazio,Vazio,X,Vazio,Vazio,Vazio,Vazio,Vazio,O,Vazio,Vazio,Vazio,Vazio,Vazio,O,X,Vazio,Vazio,Vazio,Vazio,X,O,Vazio,Vazio,Vazio,Vazio,X,Vazio,Vazio,Vazio,Vazio,Vazio,X,Vazio,Vazio,Vazio,Vazio,Vazio,drop_0
O,O,Vazio,Vazio,Vazio,Vazio,X,Vazio,Vazio,Vazio,Vazio,Vazio,O,Vazio,Vazio,Vazio,Vazio,Vazio,O,X,Vazio,Vazio,Vazio,Vazio,X,O,Vazio,Vazio,Vazio,Vazio,X,Vazio,Vazio,Vazio,Vazio,Vazio,X,Vazio,Vazio,Vazio,Vazio,Vazio,drop_5
O,O,Vazio,Vazio,Vazio,Vazio,X,Vazio,Vazio,Vazio,Vazio,Vazio,O,Vazio,Vazio,Vazio,Vazio,Vazio,O,X,Vazio,Vazio,Vazio,Vazio,X,O,Vazio,Vazio,Vazio,Vazio,X,X,Vazio,Vazio,Vazio,Vazio,X,Vazio,Vazio,Vazio,Vazio,Vazio,drop_0
O,O,O,Vazio,Vazio,Vazio,X,Vazio,Vazio,Vazio,Vazio,Vazio,O,Vazio,Vazio,Vazio,Vazio,Vazio,O,X,Vazio,Vazio,Vazio,Vazio,X,O,Vazio,Vazio,Vazio,Vazio,X,X,Vazio,Vazio,Vazio,Vazio,X,Vazio,Vazio,Vazio,Vazio,Vazio,drop_0
O,O,O,X,Vazio,Vazio,X,Vazio,Vazio,Vazio,Vazio,Vazio,O,Vazio,Vazio,Vazio,Vazio,Vazio,O,X,Vazio,Vazio,Vazio,Vazio,X,O,Vazio,Vazio,Vazio,Vazio,X,X,Vazio,Vazio,Vazio,Vazio,X,Vazio,Vazio,Vazio,Vazio,Vazio,drop_5
O,O,O,X,Vazio,Vazio,X,Vazio,Vazio,Vazio,Vazio,Vazio,O,Vazio,Vazio,Vazio,Vazio,Vazio,O,X,Vazio,Vazio,Vazio,Vazio,X,O,Vazio,Vazio,Vazio,Vazio,X,X,O,Vazio,Vazio,Vazio,X,Vazio,Vazio,Vazio,Vazio,Vazio,drop_0
O,O,O,X,X,Vazio,X,Vazio,Vazio,Vazio,Vazio,Vazio,O,Vazio,Vazio,Vazio,Vazio,Vazio,O,X,Vazio,Vazio,Vazio,Vazio,X,O,Vazio,Vazio,Vazio,Vazio,X,X,O,Vazio,Vazio,Vazio,X,Vazio,Vazio,Vazio,Vazio,Vazio,drop_1
O,O,O,X,X,Vazio,X,O,Vazio,Vazio,Vazio,Vazio,O,Vazio,Vazio,Vazio,Vazio,Vazio,O,X,Vazio,Vazio,Vazio,Vazio,X,O,Vazio,Vazio,Vazio,Vazio,X,X,O,Vazio,Vazio,Vazio,X,Vazio,Vazio,Vazio,Vazio,Vazio,drop_3
O,O,O,X,X,Vazio,X,O,Vazio,Vazio,Vazio,Vazio,O,Vazio,Vazio,Vazio,Vazio,Vazio,O,X,X,Vazio,Vazio,Vazio,X,O,Vazio,Vazio,Vazio,Vazio,X,X,O,Vazio,Vazio,Vazio,X,Vazio,Vazio,Vazio,Vazio,Vazio,drop_3
O,O,O,X,X,Vazio,X,O,Vazio,Vazio,Vazio,Vazio,O,Vazio,Vazio,Vazio,Vazio,Vazio,O,X,X,O,Vazio,Vazio,X,O,Vazio,Vazio,Vazio,Vazio,X,X,O,Vazio,Vazio,Vazio,X,Vazio,Vazio,Vazio,Vazio,Vazio,drop_0
O,O,O,X,X,X,X,O,Vazio,Vazio,Vazio,Vazio,O,Vazio,Vazio,Vazio,Vazio,Vazio,O,X,X,O,Vazio,Vazio,X,O,Vazio,Vazio,Vazio,Vazio,X,X,O,Vazio,Vazio,Vazio,X,Vazio,Vazio,Vazio,Vazio,Vazio,drop_1
O,O,O,X,X,X,X,O,O,Vazio,Vazio,Vazio,O,Vazio,Vazio,Vazio,Vazio,Vazio,O,X,X,O,Vazio,Vazio,X,O,Vazio,Vazio,Vazio,Vazio,X,X,O,Vazio,Vazio,Vazio,X,Vazio,Vazio,Vazio,Vazio,Vazio,drop_1
O,O,O,X,X,X,X,O,O,X,Vazio,Vazio,O,Vazio,Vazio,Vazio,Vazio,Vazio,O,X,X,O,Vazio,Vazio,X,O,Vazio,Vazio,Vazio,Vazio,X,X,O,Vazio,Vazio,Vazio,X,Vazio,Vazio,Vazio,Vazio,Vazio,drop_5
O,O,O,X,X,X,X,O,O,X,Vazio,Vazio,O,Vazio,Vazio,Vazio,Vazio,Vazio,O,X,X,O,Vazio,Vazio,X,O,Vazio,Vazio,Vazio,Vazio,X,X,O,O,Vazio,Vazio,X,Vazio,Vazio,Vazio,Vazio,Vazio,drop_1
O,O,O,X,X,X,X,O,O,X,X,Vazio,O,Vazio,Vazio,Vazio,Vazio,Vazio,O,X,X,O,Vazio,Vazio,X,O,Vazio,Vazio,Vazio,Vazio,X,X,O,O,Vazio,Vazio,X,Vazio,Vazio,Vazio,Vazio,Vazio,drop_5
O,O,O,X,X,X,X,O,O,X,X,Vazio,O,Vazio,Vazio,Vazio,Vazio,Vazio,O,X,X,O,Vazio,Vazio,X,O,Vazio,Vazio,Vazio,Vazio,X,X,O,O,O,Vazio,X,Vazio,Vazio,Vazio,Vazio,Vazio,drop_5
O,O,O,X,X,X,X,O,O,X,X,Vazio,O,Vazio,Vazio,Vazio,Vazio,Vazio,O,X,X,O,Vazio,Vazio,X,O,Vazio,Vazio,Vazio,Vazio,X,X,O,O,O,X,X,Vazio,Vazio,Vazio,Vazio,Vazio,drop_3
O,O,O,X,X,X,X,O,O,X,X,Vazio,O,Vazio,Vazio,Vazio,Vazio,Vazio,O,X,X,O,O,Vazio,X,O,Vazio,Vazio,Vazio,Vazio,X,X,O,O,O,X,X,Vazio,Vazio,Vazio,Vazio,Vazio,drop_4
O,O,O,X,X,X,X,O,O,X,X,Vazio,O,Vazio,Vazio,Vazio,Vazio,Vazio,O,X,X,O,O,Vazio,X,O,X,Vazio,Vazio,Vazio,X,X,O,O,O,X,X,Vazio,Vazio,Vazio,Vazio,Vazio,drop_4
O,O,O,X,X,X,X,O,O,X,X,Vazio,O,Vazio,Vazio,Vazio,Vazio,Vazio,O,X,X,O,O,Vazio,X,O,X,O,Vazio,Vazio,X,X,O,O,O,X,X,Vazio,Vazio,Vazio,Vazio,Vazio,pop_4
O,O,O,X,X,X,X,O,O,X,X,Vazio,O,Vazio,Vazio,Vazio,Vazio,Vazio,O,X,X,O,O,Vazio,O,X,O,Vazio,Vazio,Vazio,X,X,O,O,O,X,X,Vazio,Vazio,Vazio,Vazio,Vazio,drop_6
O,O,O,X,X,X,X,O,O,X,X,Vazio,O,Vazio,Vazio,Vazio,Vazio,Vazio,O,X,X,O,O,Vazio,O,X,O,Vazio,Vazio,Vazio,X,X,O,O,O,X,X,O,Vazio,Vazio,Vazio,Vazio,drop_2
Vazio,Vazio,Vazio,Vazio,Vazio,Vazio,Vazio,Vazio,Vazio,Vazio,Vazio,Vazio,Vazio,Vazio,Vazio,Vazio,Vazio,Vazio,Vazio,Vazio,Vazio,Vazio,Vazio,Vazio,Vazio,Vazio,Vazio,Vazio,Vazio,Vazio,Vazio,Vazio,Vazio,Vazio,Vazio,Vazio,Vazio,Vazio,Vazio,Vazio,Vazio,Vazio,drop_3
Vazio,Vazio,Vazio,Vazio,Vazio,Vazio,Vazio,Vazio,Vazio,Vazio,Vazio,Vazio,Vazio,Vazio,Vazio,Vazio,Vazio,Vazio,X,Vazio,Vazio,Vazio,Vazio,Vazio,Vazio,Vazio,Vazio,Vazio,Vazio,Vazio,Vazio,Vazio,Vazio,Vazio,Vazio,Vazio,Vazio,Vazio,Vazio,Vazio,Vazio,Vazio,drop_2
Vazio,Vazio,Vazio,Vazio,Vazio,Vazio,Vazio,Vazio,Vazio,Vazio,Vazio,Vazio,O,Vazio,Vazio,Vazio,Vazio,Vazio,X,Vazio,Vazio,Vazio,Vazio,Vazio,Vazio,Vazio,Vazio,Vazio,Vazio,Vazio,Vazio,Vazio,Vazio,Vazio,Vazio,Vazio,Vazio,Vazio,Vazio,Vazio,Vazio,Vazio,drop_2
Vazio,Vazio,Vazio,Vazio,Vazio,Vazio,Vazio,Vazio,Vazio,Vazio,Vazio,Vazio,O,X,Vazio,Vazio,Vazio,Vazio,X,Vazio,Vazio,Vazio,Vazio,Vazio,Vazio,Vazio,Vazio,Vazio,Vazio,Vazio,Vazio,Vazio,Vazio,Vazio,Vazio,Vazio,Vazio,Vazio,Vazio,Vazio,Vazio,Vazio,drop_3
Vazio,Vazio,Vazio,Vazio,Vazio,Vazio,Vazio,Vazio,Vazio,Vazio,Vazio,Vazio,O,X,Vazio,Vazio,Vazio,Vazio,X,O,Vazio,Vazio,Vazio,Vazio,Vazio,Vazio,Vazio,Vazio,Vazio,Vazio,Vazio,Vazio,Vazio,Vazio,Vazio,Vazio,Vazio,Vazio,Vazio,Vazio,Vazio,Vazio,drop_1
Vazio,Vazio,Vazio,Vazio,Vazio,Vazio,X,Vazio,Vazio,Vazio,Vazio,Vazio,O,X,Vazio,Vazio,Vazio,Vazio,X,O,Vazio,Vazio,Vazio,Vazio,Vazio,Vazio,Vazio,Vazio,Vazio,Vazio,Vazio,Vazio,Vazio,Vazio,Vazio,Vazio,Vazio,Vazio,Vazio,Vazio,Vazio,Vazio,drop_1
Vazio,Vazio,Vazio,Vazio,Vazio,Vazio,X,O,Vazio,Vazio,Vazio,Vazio,O,X,Vazio,Vazio,Vazio,Vazio,X,O,Vazio,Vazio,Vazio,Vazio,Vazio,Vazio,Vazio,Vazio,Vazio,Vazio,Vazio,Vazio,Vazio,Vazio,Vazio,Vazio,Vazio,Vazio,Vazio,Vazio,Vazio,Vazio,drop_5
Vazio,Vazio,Vazio,Vazio,Vazio,Vazio,X,O,Vazio,Vazio,Vazio,Vazio,O,X,Vazio,Vazio,Vazio,Vazio,X,O,Vazio,Vazio,Vazio,Vazio,Vazio,Vazio,Vazio,Vazio,Vazio,Vazio,X,Vazio,Vazio,Vazio,Vazio,Vazio,Vazio,Vazio,Vazio,Vazio,Vazio,Vazio,drop_5
Vazio,Vazio,Vazio,Vazio,Vazio,Vazio,X,O,Vazio,Vazio,Vazio,Vazio,O,X,Vazio,Vazio,Vazio,Vazio,X,O,Vazio,Vazio,Vazio,Vazio,Vazio,Vazio,Vazio,Vazio,Vazio,Vazio,X,O,Vazio,Vazio,Vazio,Vazio,Vazio,Vazio,Vazio,Vazio,Vazio,Vazio,drop_4
Vazio,Vazio,Vazio,Vazio,Vazio,Vazio,X,O,Vazio,Vazio,Vazio,Vazio,O,X,Vazio,Vazio,Vazio,Vazio,X,O,Vazio,Vazio,Vazio,Vazio,X,Vazio,Vazio,Vazio,Vazio,Vazio,X,O,Vazio,Vazio,Vazio,Vazio,Vazio,Vazio,Vazio,Vazio,Vazio,Vazio,drop_6
Vazio,Vazio,Vazio,Vazio,Vazio,Vazio,X,O,Vazio,Vazio,Vazio,Vazio,O,X,Vazio,Vazio,Vazio,Vazio,X,O,Vazio,Vazio,Vazio,Vazio,X,Vazio,Vazio,Vazio,Vazio,Vazio,X,O,Vazio,Vazio,Vazio,Vazio,O,Vazio,Vazio,Vazio,Vazio,Vazio,drop_5
Vazio,Vazio,Vazio,Vazio,Vazio,Vazio,X,O,Vazio,Vazio,Vazio,Vazio,O,X,Vazio,Vazio,Vazio,Vazio,X,O,Vazio,Vazio,Vazio,Vazio,X,Vazio,Vazio,Vazio,Vazio,Vazio,X,O,X,Vazio,Vazio,Vazio,O,Vazio,Vazio,Vazio,Vazio,Vazio,drop_6
Vazio,Vazio,Vazio,Vazio,Vazio,Vazio,X,O,Vazio,Vazio,Vazio,Vazio,O,X,Vazio,Vazio,Vazio,Vazio,X,O,Vazio,Vazio,Vazio,Vazio,X,Vazio,Vazio,Vazio,Vazio,Vazio,X,O,X,Vazio,Vazio,Vazio,O,O,Vazio,Vazio,Vazio,Vazio,pop_5
Vazio,Vazio,Vazio,Vazio,Vazio,Vazio,X,O,Vazio,Vazio,Vazio,Vazio,O,X,Vazio,Vazio,Vazio,Vazio,X,O,Vazio,Vazio,Vazio,Vazio,X,Vazio,Vazio,Vazio,Vazio,Vazio,O,X,Vazio,Vazio,Vazio,Vazio,O,O,Vazio,Vazio,Vazio,Vazio,drop_4
Vazio,Vazio,Vazio,Vazio,Vazio,Vazio,X,O,Vazio,Vazio,Vazio,Vazio,O,X,Vazio,Vazio,Vazio,Vazio,X,O,Vazio,Vazio,Vazio,Vazio,X,O,Vazio,Vazio,Vazio,Vazio,O,X,Vazio,Vazio,Vazio,Vazio,O,O,Vazio,Vazio,Vazio,Vazio,drop_0
X,Vazio,Vazio,Vazio,Vazio,Vazio,X,O,Vazio,Vazio,Vazio,Vazio,O,X,Vazio,Vazio,Vazio,Vazio,X,O,Vazio,Vazio,Vazio,Vazio,X,O,Vazio,Vazio,Vazio,Vazio,O,X,Vazio,Vazio,Vazio,Vazio,O,O,Vazio,Vazio,Vazio,Vazio,drop_2
X,Vazio,Vazio,Vazio,Vazio,Vazio,X,O,Vazio,Vazio,Vazio,Vazio,O,X,O,Vazio,Vazio,Vazio,X,O,Vazio,Vazio,Vazio,Vazio,X,O,Vazio,Vazio,Vazio,Vazio,O,X,Vazio,Vazio,Vazio,Vazio,O,O,Vazio,Vazio,Vazio,Vazio,pop_1
X,Vazio,Vazio,Vazio,Vazio,Vazio,O,Vazio,Vazio,Vazio,Vazio,Vazio,O,X,O,Vazio,Vazio,Vazio,X,O,Vazio,Vazio,Vazio,Vazio,X,O,Vazio,Vazio,Vazio,Vazio,O,X,Vazio,Vazio,Vazio,Vazio,O,O,Vazio,Vazio,Vazio,Vazio,drop_0
X,O,Vazio,Vazio,Vazio,Vazio,O,Vazio,Vazio,Vazio,Vazio,Vazio,O,X,O,Vazio,Vazio,Vazio,X,O,Vazio,Vazio,Vazio,Vazio,X,O,Vazio,Vazio,Vazio,Vazio,O,X,Vazio,Vazio,Vazio,Vazio,O,O,Vazio,Vazio,Vazio,Vazio,pop_0
O,Vazio,Vazio,Vazio,Vazio,Vazio,O,Vazio,Vazio,Vazio,Vazio,Vazio,O,X,O,Vazio,Vazio,Vazio,X,O,Vazio,Vazio,Vazio,Vazio,X,O,Vazio,Vazio,Vazio,Vazio,O,X,Vazio,Vazio,Vazio,Vazio,O,O,Vazio,Vazio,Vazio,Vazio,drop_1
O,Vazio,Vazio,Vazio,Vazio,Vazio,O,O,Vazio,Vazio,Vazio,Vazio,O,X,O,Vazio,Vazio,Vazio,X,O,Vazio,Vazio,Vazio,Vazio,X,O,Vazio,Vazio,Vazio,Vazio,O,X,Vazio,Vazio,Vazio,Vazio,O,O,Vazio,Vazio,Vazio,Vazio,pop_4
O,Vazio,Vazio,Vazio,Vazio,Vazio,O,O,Vazio,Vazio,Vazio,Vazio,O,X,O,Vazio,Vazio,Vazio,X,O,Vazio,Vazio,Vazio,Vazio,O,Vazio,Vazio,Vazio,Vazio,Vazio,O,X,Vazio,Vazio,Vazio,Vazio,O,O,Vazio,Vazio,Vazio,Vazio,drop_4
O,Vazio,Vazio,Vazio,Vazio,Vazio,O,O,Vazio,Vazio,Vazio,Vazio,O,X,O,Vazio,Vazio,Vazio,X,O,Vazio,Vazio,Vazio,Vazio,O,O,Vazio,Vazio,Vazio,Vazio,O,X,Vazio,Vazio,Vazio,Vazio,O,O,Vazio,Vazio,Vazio,Vazio,drop_2
O,Vazio,Vazio,Vazio,Vazio,Vazio,O,O,Vazio,Vazio,Vazio,Vazio,O,X,O,X,Vazio,Vazio,X,O,Vazio,Vazio,Vazio,Vazio,O,O,Vazio,Vazio,Vazio,Vazio,O,X,Vazio,Vazio,Vazio,Vazio,O,O,Vazio,Vazio,Vazio,Vazio,pop_2
Vazio,Vazio,Vazio,Vazio,Vazio,Vazio,Vazio,Vazio,Vazio,Vazio,Vazio,Vazio,Vazio,Vazio,Vazio,Vazio,Vazio,Vazio,Vazio,Vazio,Vazio,Vazio,Vazio,Vazio,Vazio,Vazio,Vazio,Vazio,Vazio,Vazio,Vazio,Vazio,Vazio,Vazio,Vazio,Vazio,Vazio,Vazio,Vazio,Vazio,Vazio,Vazio,drop_0
X,Vazio,Vazio,Vazio,Vazio,Vazio,Vazio,Vazio,Vazio,Vazio,Vazio,Vazio,Vazio,Vazio,Vazio,Vazio,Vazio,Vazio,Vazio,Vazio,Vazio,Vazio,Vazio,Vazio,Vazio,Vazio,Vazio,Vazio,Vazio,Vazio,Vazio,Vazio,Vazio,Vazio,Vazio,Vazio,Vazio,Vazio,Vazio,Vazio,Vazio,Vazio,drop_2
X,Vazio,Vazio,Vazio,Vazio,Vazio,Vazio,Vazio,Vazio,Vazio,Vazio,Vazio,O,Vazio,Vazio,Vazio,Vazio,Vazio,Vazio,Vazio,Vazio,Vazio,Vazio,Vazio,Vazio,Vazio,Vazio,Vazio,Vazio,Vazio,Vazio,Vazio,Vazio,Vazio,Vazio,Vazio,Vazio,Vazio,Vazio,Vazio,Vazio,Vazio,drop_1
X,Vazio,Vazio,Vazio,Vazio,Vazio,X,Vazio,Vazio,Vazio,Vazio,Vazio,O,Vazio,Vazio,Vazio,Vazio,Vazio,Vazio,Vazio,Vazio,Vazio,Vazio,Vazio,Vazio,Vazio,Vazio,Vazio,Vazio,Vazio,Vazio,Vazio,Vazio,Vazio,Vazio,Vazio,Vazio,Vazio,Vazio,Vazio,Vazio,Vazio,drop_2
X,Vazio,Vazio,Vazio,Vazio,Vazio,X,Vazio,Vazio,Vazio,Vazio,Vazio,O,O,Vazio,Vazio,Vazio,Vazio,Vazio,Vazio,Vazio,Vazio,Vazio,Vazio,Vazio,Vazio,Vazio,Vazio,Vazio,Vazio,Vazio,Vazio,Vazio,Vazio,Vazio,Vazio,Vazio,Vazio,Vazio,Vazio,Vazio,Vazio,drop_1
X,Vazio,Vazio,Vazio,Vazio,Vazio,X,X,Vazio,Vazio,Vazio,Vazio,O,O,Vazio,Vazio,Vazio,Vazio,Vazio,Vazio,Vazio,Vazio,Vazio,Vazio,Vazio,Vazio,Vazio,Vazio,Vazio,Vazio,Vazio,Vazio,Vazio,Vazio,Vazio,Vazio,Vazio,Vazio,Vazio,Vazio,Vazio,Vazio,drop_2
X,Vazio,Vazio,Vazio,Vazio,Vazio,X,X,Vazio,Vazio,Vazio,Vazio,O,O,O,Vazio,Vazio,Vazio,Vazio,Vazio,Vazio,Vazio,Vazio,Vazio,Vazio,Vazio,Vazio,Vazio,Vazio,Vazio,Vazio,Vazio,Vazio,Vazio,Vazio,Vazio,Vazio,Vazio,Vazio,Vazio,Vazio,Vazio,drop_2
X,Vazio,Vazio,Vazio,Vazio,Vazio,X,X,Vazio,Vazio,Vazio,Vazio,O,O,O,X,Vazio,Vazio,Vazio,Vazio,Vazio,Vazio,Vazio,Vazio,Vazio,Vazio,Vazio,Vazio,Vazio,Vazio,Vazio,Vazio,Vazio,Vazio,Vazio,Vazio,Vazio,Vazio,Vazio,Vazio,Vazio,Vazio,drop_5
X,Vazio,Vazio,Vazio,Vazio,Vazio,X,X,Vazio,Vazio,Vazio,Vazio,O,O,O,X,Vazio,Vazio,Vazio,Vazio,Vazio,Vazio,Vazio,Vazio,Vazio,Vazio,Vazio,Vazio,Vazio,Vazio,O,Vazio,Vazio,Vazio,Vazio,Vazio,Vazio,Vazio,Vazio,Vazio,Vazio,Vazio,drop_2
X,Vazio,Vazio,Vazio,Vazio,Vazio,X,X,Vazio,Vazio,Vazio,Vazio,O,O,O,X,X,Vazio,Vazio,Vazio,Vazio,Vazio,Vazio,Vazio,Vazio,Vazio,Vazio,Vazio,Vazio,Vazio,O,Vazio,Vazio,Vazio,Vazio,Vazio,Vazio,Vazio,Vazio,Vazio,Vazio,Vazio,drop_3
X,Vazio,Vazio,Vazio,Vazio,Vazio,X,X,Vazio,Vazio,Vazio,Vazio,O,O,O,X,X,Vazio,O,Vazio,Vazio,Vazio,Vazio,Vazio,Vazio,Vazio,Vazio,Vazio,Vazio,Vazio,O,Vazio,Vazio,Vazio,Vazio,Vazio,Vazio,Vazio,Vazio,Vazio,Vazio,Vazio,drop_1
X,Vazio,Vazio,Vazio,Vazio,Vazio,X,X,X,Vazio,Vazio,Vazio,O,O,O,X,X,Vazio,O,Vazio,Vazio,Vazio,Vazio,Vazio,Vazio,Vazio,Vazio,Vazio,Vazio,Vazio,O,Vazio,Vazio,Vazio,Vazio,Vazio,Vazio,Vazio,Vazio,Vazio,Vazio,Vazio,drop_4
Vazio,Vazio,Vazio,Vazio,Vazio,Vazio,Vazio,Vazio,Vazio,Vazio,Vazio,Vazio,Vazio,Vazio,Vazio,Vazio,Vazio,Vazio,Vazio,Vazio,Vazio,Vazio,Vazio,Vazio,Vazio,Vazio,Vazio,Vazio,Vazio,Vazio,Vazio,Vazio,Vazio,Vazio,Vazio,Vazio,Vazio,Vazio,Vazio,Vazio,Vazio,Vazio,drop_3
Vazio,Vazio,Vazio,Vazio,Vazio,Vazio,Vazio,Vazio,Vazio,Vazio,Vazio,Vazio,Vazio,Vazio,Vazio,Vazio,Vazio,Vazio,X,Vazio,Vazio,Vazio,Vazio,Vazio,Vazio,Vazio,Vazio,Vazio,Vazio,Vazio,Vazio,Vazio,Vazio,Vazio,Vazio,Vazio,Vazio,Vazio,Vazio,Vazio,Vazio,Vazio,drop_2
Vazio,Vazio,Vazio,Vazio,Vazio,Vazio,Vazio,Vazio,Vazio,Vazio,Vazio,Vazio,O,Vazio,Vazio,Vazio,Vazio,Vazio,X,Vazio,Vazio,Vazio,Vazio,Vazio,Vazio,Vazio,Vazio,Vazio,Vazio,Vazio,Vazio,Vazio,Vazio,Vazio,Vazio,Vazio,Vazio,Vazio,Vazio,Vazio,Vazio,Vazio,drop_3
Vazio,Vazio,Vazio,Vazio,Vazio,Vazio,Vazio,Vazio,Vazio,Vazio,Vazio,Vazio,O,Vazio,Vazio,Vazio,Vazio,Vazio,X,X,Vazio,Vazio,Vazio,Vazio,Vazio,Vazio,Vazio,Vazio,Vazio,Vazio,Vazio,Vazio,Vazio,Vazio,Vazio,Vazio,Vazio,Vazio,Vazio,Vazio,Vazio,Vazio,drop_2
Vazio,Vazio,Vazio,Vazio,Vazio,Vazio,Vazio,Vazio,Vazio,Vazio,Vazio,Vazio,O,O,Vazio,Vazio,Vazio,Vazio,X,X,Vazio,Vazio,Vazio,Vazio,Vazio,Vazio,Vazio,Vazio,Vazio,Vazio,Vazio,Vazio,Vazio,Vazio,Vazio,Vazio,Vazio,Vazio,Vazio,Vazio,Vazio,Vazio,drop_3
Vazio,Vazio,Vazio,Vazio,Vazio,Vazio,Vazio,Vazio,Vazio,Vazio,Vazio,Vazio,O,O,Vazio,Vazio,Vazio,Vazio,X,X,X,Vazio,Vazio,Vazio,Vazio,Vazio,Vazio,Vazio,Vazio,Vazio,Vazio,Vazio,Vazio,Vazio,Vazio,Vazio,Vazio,Vazio,Vazio,Vazio,Vazio,Vazio,drop_2
Vazio,Vazio,Vazio,Vazio,Vazio,Vazio,Vazio,Vazio,Vazio,Vazio,Vazio,Vazio,O,O,O,Vazio,Vazio,Vazio,X,X,X,Vazio,Vazio,Vazio,Vazio,Vazio,Vazio,Vazio,Vazio,Vazio,Vazio,Vazio,Vazio,Vazio,Vazio,Vazio,Vazio,Vazio,Vazio,Vazio,Vazio,Vazio,drop_3
Vazio,Vazio,Vazio,Vazio,Vazio,Vazio,Vazio,Vazio,Vazio,Vazio,Vazio,Vazio,Vazio,Vazio,Vazio,Vazio,Vazio,Vazio,Vazio,Vazio,Vazio,Vazio,Vazio,Vazio,Vazio,Vazio,Vazio,Vazio,Vazio,Vazio,Vazio,Vazio,Vazio,Vazio,Vazio,Vazio,Vazio,Vazio,Vazio,Vazio,Vazio,Vazio,drop_3
Vazio,Vazio,Vazio,Vazio,Vazio,Vazio,Vazio,Vazio,Vazio,Vazio,Vazio,Vazio,Vazio,Vazio,Vazio,Vazio,Vazio,Vazio,X,Vazio,Vazio,Vazio,Vazio,Vazio,Vazio,Vazio,Vazio,Vazio,Vazio,Vazio,Vazio,Vazio,Vazio,Vazio,Vazio,Vazio,Vazio,Vazio,Vazio,Vazio,Vazio,Vazio,drop_2
Vazio,Vazio,Vazio,Vazio,Vazio,Vazio,Vazio,Vazio,Vazio,Vazio,Vazio,Vazio,O,Vazio,Vazio,Vazio,Vazio,Vazio,X,Vazio,Vazio,Vazio,Vazio,Vazio,Vazio,Vazio,Vazio,Vazio,Vazio,Vazio,Vazio,Vazio,Vazio,Vazio,Vazio,Vazio,Vazio,Vazio,Vazio,Vazio,Vazio,Vazio,drop_3
Vazio,Vazio,Vazio,Vazio,Vazio,Vazio,Vazio,Vazio,Vazio,Vazio,Vazio,Vazio,O,Vazio,Vazio,Vazio,Vazio,Vazio,X,X,Vazio,Vazio,Vazio,Vazio,Vazio,Vazio,Vazio,Vazio,Vazio,Vazio,Vazio,Vazio,Vazio,Vazio,Vazio,Vazio,Vazio,Vazio,Vazio,Vazio,Vazio,Vazio,drop_0
O,Vazio,Vazio,Vazio,Vazio,Vazio,Vazio,Vazio,Vazio,Vazio,Vazio,Vazio,O,Vazio,Vazio,Vazio,Vazio,Vazio,X,X,Vazio,Vazio,Vazio,Vazio,Vazio,Vazio,Vazio,Vazio,Vazio,Vazio,Vazio,Vazio,Vazio,Vazio,Vazio,Vazio,Vazio,Vazio,Vazio,Vazio,Vazio,Vazio,drop_3
O,Vazio,Vazio,Vazio,Vazio,Vazio,Vazio,Vazio,Vazio,Vazio,Vazio,Vazio,O,Vazio,Vazio,Vazio,Vazio,Vazio,X,X,X,Vazio,Vazio,Vazio,Vazio,Vazio,Vazio,Vazio,Vazio,Vazio,Vazio,Vazio,Vazio,Vazio,Vazio,Vazio,Vazio,Vazio,Vazio,Vazio,Vazio,Vazio,drop_3
O,Vazio,Vazio,Vazio,Vazio,Vazio,Vazio,Vazio,Vazio,Vazio,Vazio,Vazio,O,Vazio,Vazio,Vazio,Vazio,Vazio,X,X,X,O,Vazio,Vazio,Vazio,Vazio,Vazio,Vazio,Vazio,Vazio,Vazio,Vazio,Vazio,Vazio,Vazio,Vazio,Vazio,Vazio,Vazio,Vazio,Vazio,Vazio,drop_0
O,X,Vazio,Vazio,Vazio,Vazio,Vazio,Vazio,Vazio,Vazio,Vazio,Vazio,O,Vazio,Vazio,Vazio,Vazio,Vazio,X,X,X,O,Vazio,Vazio,Vazio,Vazio,Vazio,Vazio,Vazio,Vazio,Vazio,Vazio,Vazio,Vazio,Vazio,Vazio,Vazio,Vazio,Vazio,Vazio,Vazio,Vazio,drop_2
O,X,Vazio,Vazio,Vazio,Vazio,Vazio,Vazio,Vazio,Vazio,Vazio,Vazio,O,O,Vazio,Vazio,Vazio,Vazio,X,X,X,O,Vazio,Vazio,Vazio,Vazio,Vazio,Vazio,Vazio,Vazio,Vazio,Vazio,Vazio,Vazio,Vazio,Vazio,Vazio,Vazio,Vazio,Vazio,Vazio,Vazio,drop_0
O,X,X,Vazio,Vazio,Vazio,Vazio,Vazio,Vazio,Vazio,Vazio,Vazio,O,O,Vazio,Vazio,Vazio,Vazio,X,X,X,O,Vazio,Vazio,Vazio,Vazio,Vazio,Vazio,Vazio,Vazio,Vazio,Vazio,Vazio,Vazio,Vazio,Vazio,Vazio,Vazio,Vazio,Vazio,Vazio,Vazio,drop_2
O,X,X,Vazio,Vazio,Vazio,Vazio,Vazio,Vazio,Vazio,Vazio,Vazio,O,O,O,Vazio,Vazio,Vazio,X,X,X,O,Vazio,Vazio,Vazio,Vazio,Vazio,Vazio,Vazio,Vazio,Vazio,Vazio,Vazio,Vazio,Vazio,Vazio,Vazio,Vazio,Vazio,Vazio,Vazio,Vazio,drop_2
O,X,X,Vazio,Vazio,Vazio,Vazio,Vazio,Vazio,Vazio,Vazio,Vazio,O,O,O,X,Vazio,Vazio,X,X,X,O,Vazio,Vazio,Vazio,Vazio,Vazio,Vazio,Vazio,Vazio,Vazio,Vazio,Vazio,Vazio,Vazio,Vazio,Vazio,Vazio,Vazio,Vazio,Vazio,Vazio,drop_2
O,X,X,Vazio,Vazio,Vazio,Vazio,Vazio,Vazio,Vazio,Vazio,Vazio,O,O,O,X,O,Vazio,X,X,X,O,Vazio,Vazio,Vazio,Vazio,Vazio,Vazio,Vazio,Vazio,Vazio,Vazio,Vazio,Vazio,Vazio,Vazio,Vazio,Vazio,Vazio,Vazio,Vazio,Vazio,drop_6
O,X,X,Vazio,Vazio,Vazio,Vazio,Vazio,Vazio,Vazio,Vazio,Vazio,O,O,O,X,O,Vazio,X,X,X,O,Vazio,Vazio,Vazio,Vazio,Vazio,Vazio,Vazio,Vazio,Vazio,Vazio,Vazio,Vazio,Vazio,Vazio,X,Vazio,Vazio,Vazio,Vazio,Vazio,drop_3
O,X,X,Vazio,Vazio,Vazio,Vazio,Vazio,Vazio,Vazio,Vazio,Vazio,O,O,O,X,O,Vazio,X,X,X,O,O,Vazio,Vazio,Vazio,Vazio,Vazio,Vazio,Vazio,Vazio,Vazio,Vazio,Vazio,Vazio,Vazio,X,Vazio,Vazio,Vazio,Vazio,Vazio,drop_0
O,X,X,X,Vazio,Vazio,Vazio,Vazio,Vazio,Vazio,Vazio,Vazio,O,O,O,X,O,Vazio,X,X,X,O,O,Vazio,Vazio,Vazio,Vazio,Vazio,Vazio,Vazio,Vazio,Vazio,Vazio,Vazio,Vazio,Vazio,X,Vazio,Vazio,Vazio,Vazio,Vazio,drop_0
O,X,X,X,O,Vazio,Vazio,Vazio,Vazio,Vazio,Vazio,Vazio,O,O,O,X,O,Vazio,X,X,X,O,O,Vazio,Vazio,Vazio,Vazio,Vazio,Vazio,Vazio,Vazio,Vazio,Vazio,Vazio,Vazio,Vazio,X,Vazio,Vazio,Vazio,Vazio,Vazio,drop_5
O,X,X,X,O,Vazio,Vazio,Vazio,Vazio,Vazio,Vazio,Vazio,O,O,O,X,O,Vazio,X,X,X,O,O,Vazio,Vazio,Vazio,Vazio,Vazio,Vazio,Vazio,X,Vazio,Vazio,Vazio,Vazio,Vazio,X,Vazio,Vazio,Vazio,Vazio,Vazio,drop_5
O,X,X,X,O,Vazio,Vazio,Vazio,Vazio,Vazio,Vazio,Vazio,O,O,O,X,O,Vazio,X,X,X,O,O,Vazio,Vazio,Vazio,Vazio,Vazio,Vazio,Vazio,X,O,Vazio,Vazio,Vazio,Vazio,X,Vazio,Vazio,Vazio,Vazio,Vazio,drop_4
Vazio,Vazio,Vazio,Vazio,Vazio,Vazio,Vazio,Vazio,Vazio,Vazio,Vazio,Vazio,Vazio,Vazio,Vazio,Vazio,Vazio,Vazio,Vazio,Vazio,Vazio,Vazio,Vazio,Vazio,Vazio,Vazio,Vazio,Vazio,Vazio,Vazio,Vazio,Vazio,Vazio,Vazio,Vazio,Vazio,Vazio,Vazio,Vazio,Vazio,Vazio,Vazio,drop_3
Vazio,Vazio,Vazio,Vazio,Vazio,Vazio,Vazio,Vazio,Vazio,Vazio,Vazio,Vazio,Vazio,Vazio,Vazio,Vazio,Vazio,Vazio,X,Vazio,Vazio,Vazio,Vazio,Vazio,Vazio,Vazio,Vazio,Vazio,Vazio,Vazio,Vazio,Vazio,Vazio,Vazio,Vazio,Vazio,Vazio,Vazio,Vazio,Vazio,Vazio,Vazio,drop_3
Vazio,Vazio,Vazio,Vazio,Vazio,Vazio,Vazio,Vazio,Vazio,Vazio,Vazio,Vazio,Vazio,Vazio,Vazio,Vazio,Vazio,Vazio,X,O,Vazio,Vazio,Vazio,Vazio,Vazio,Vazio,Vazio,Vazio,Vazio,Vazio,Vazio,Vazio,Vazio,Vazio,Vazio,Vazio,Vazio,Vazio,Vazio,Vazio,Vazio,Vazio,drop_4
Vazio,Vazio,Vazio,Vazio,Vazio,Vazio,Vazio,Vazio,Vazio,Vazio,Vazio,Vazio,Vazio,Vazio,Vazio,Vazio,Vazio,Vazio,X,O,Vazio,Vazio,Vazio,Vazio,X,Vazio,Vazio,Vazio,Vazio,Vazio,Vazio,Vazio,Vazio,Vazio,Vazio,Vazio,Vazio,Vazio,Vazio,Vazio,Vazio,Vazio,drop_3
Vazio,Vazio,Vazio,Vazio,Vazio,Vazio,Vazio,Vazio,Vazio,Vazio,Vazio,Vazio,Vazio,Vazio,Vazio,Vazio,Vazio,Vazio,X,O,O,Vazio,Vazio,Vazio,X,Vazio,Vazio,Vazio,Vazio,Vazio,Vazio,Vazio,Vazio,Vazio,Vazio,Vazio,Vazio,Vazio,Vazio,Vazio,Vazio,Vazio,drop_5
Vazio,Vazio,Vazio,Vazio,Vazio,Vazio,Vazio,Vazio,Vazio,Vazio,Vazio,Vazio,Vazio,Vazio,Vazio,Vazio,Vazio,Vazio,X,O,O,Vazio,Vazio,Vazio,X,Vazio,Vazio,Vazio,Vazio,Vazio,X,Vazio,Vazio,Vazio,Vazio,Vazio,Vazio,Vazio,Vazio,Vazio,Vazio,Vazio,drop_6
Vazio,Vazio,Vazio,Vazio,Vazio,Vazio,Vazio,Vazio,Vazio,Vazio,Vazio,Vazio,Vazio,Vazio,Vazio,Vazio,Vazio,Vazio,X,O,O,Vazio,Vazio,Vazio,X,Vazio,Vazio,Vazio,Vazio,Vazio,X,Vazio,Vazio,Vazio,Vazio,Vazio,O,Vazio,Vazio,Vazio,Vazio,Vazio,drop_2
Vazio,Vazio,Vazio,Vazio,Vazio,Vazio,Vazio,Vazio,Vazio,Vazio,Vazio,Vazio,Vazio,Vazio,Vazio,Vazio,Vazio,Vazio,Vazio,Vazio,Vazio,Vazio,Vazio,Vazio,Vazio,Vazio,Vazio,Vazio,Vazio,Vazio,Vazio,Vazio,Vazio,Vazio,Vazio,Vazio,Vazio,Vazio,Vazio,Vazio,Vazio,Vazio,drop_3
Vazio,Vazio,Vazio,Vazio,Vazio,Vazio,Vazio,Vazio,Vazio,Vazio,Vazio,Vazio,Vazio,Vazio,Vazio,Vazio,Vazio,Vazio,X,Vazio,Vazio,Vazio,Vazio,Vazio,Vazio,Vazio,Vazio,Vazio,Vazio,Vazio,Vazio,Vazio,Vazio,Vazio,Vazio,Vazio,Vazio,Vazio,Vazio,Vazio,Vazio,Vazio,drop_3
Vazio,Vazio,Vazio,Vazio,Vazio,Vazio,Vazio,Vazio,Vazio,Vazio,Vazio,Vazio,Vazio,Vazio,Vazio,Vazio,Vazio,Vazio,X,O,Vazio,Vazio,Vazio,Vazio,Vazio,Vazio,Vazio,Vazio,Vazio,Vazio,Vazio,Vazio,Vazio,Vazio,Vazio,Vazio,Vazio,Vazio,Vazio,Vazio,Vazio,Vazio,drop_3
Vazio,Vazio,Vazio,Vazio,Vazio,Vazio,Vazio,Vazio,Vazio,Vazio,Vazio,Vazio,Vazio,Vazio,Vazio,Vazio,Vazio,Vazio,X,O,X,Vazio,Vazio,Vazio,Vazio,Vazio,Vazio,Vazio,Vazio,Vazio,Vazio,Vazio,Vazio,Vazio,Vazio,Vazio,Vazio,Vazio,Vazio,Vazio,Vazio,Vazio,drop_2
Vazio,Vazio,Vazio,Vazio,Vazio,Vazio,Vazio,Vazio,Vazio,Vazio,Vazio,Vazio,O,Vazio,Vazio,Vazio,Vazio,Vazio,X,O,X,Vazio,Vazio,Vazio,Vazio,Vazio,Vazio,Vazio,Vazio,Vazio,Vazio,Vazio,Vazio,Vazio,Vazio,Vazio,Vazio,Vazio,Vazio,Vazio,Vazio,Vazio,drop_3
Vazio,Vazio,Vazio,Vazio,Vazio,Vazio,Vazio,Vazio,Vazio,Vazio,Vazio,Vazio,O,Vazio,Vazio,Vazio,Vazio,Vazio,X,O,X,X,Vazio,Vazio,Vazio,Vazio,Vazio,Vazio,Vazio,Vazio,Vazio,Vazio,Vazio,Vazio,Vazio,Vazio,Vazio,Vazio,Vazio,Vazio,Vazio,Vazio,drop_3
Vazio,Vazio,Vazio,Vazio,Vazio,Vazio,Vazio,Vazio,Vazio,Vazio,Vazio,Vazio,O,Vazio,Vazio,Vazio,Vazio,Vazio,X,O,X,X,O,Vazio,Vazio,Vazio,Vazio,Vazio,Vazio,Vazio,Vazio,Vazio,Vazio,Vazio,Vazio,Vazio,Vazio,Vazio,Vazio,Vazio,Vazio,Vazio,drop_0
X,Vazio,Vazio,Vazio,Vazio,Vazio,Vazio,Vazio,Vazio,Vazio,Vazio,Vazio,O,Vazio,Vazio,Vazio,Vazio,Vazio,X,O,X,X,O,Vazio,Vazio,Vazio,Vazio,Vazio,Vazio,Vazio,Vazio,Vazio,Vazio,Vazio,Vazio,Vazio,Vazio,Vazio,Vazio,Vazio,Vazio,Vazio,drop_4
X,Vazio,Vazio,Vazio,Vazio,Vazio,Vazio,Vazio,Vazio,Vazio,Vazio,Vazio,O,Vazio,Vazio,Vazio,Vazio,Vazio,X,O,X,X,O,Vazio,O,Vazio,Vazio,Vazio,Vazio,Vazio,Vazio,Vazio,Vazio,Vazio,Vazio,Vazio,Vazio,Vazio,Vazio,Vazio,Vazio,Vazio,drop_2
X,Vazio,Vazio,Vazio,Vazio,Vazio,Vazio,Vazio,Vazio,Vazio,Vazio,Vazio,O,X,Vazio,Vazio,Vazio,Vazio,X,O,X,X,O,Vazio,O,Vazio,Vazio,Vazio,Vazio,Vazio,Vazio,Vazio,Vazio,Vazio,Vazio,Vazio,Vazio,Vazio,Vazio,Vazio,Vazio,Vazio,drop_5
X,Vazio,Vazio,Vazio,Vazio,Vazio,Vazio,Vazio,Vazio,Vazio,Vazio,Vazio,O,X,Vazio,Vazio,Vazio,Vazio,X,O,X,X,O,Vazio,O,Vazio,Vazio,Vazio,Vazio,Vazio,O,Vazio,Vazio,Vazio,Vazio,Vazio,Vazio,Vazio,Vazio,Vazio,Vazio,Vazio,drop_1
X,Vazio,Vazio,Vazio,Vazio,Vazio,X,Vazio,Vazio,Vazio,Vazio,Vazio,O,X,Vazio,Vazio,Vazio,Vazio,X,O,X,X,O,Vazio,O,Vazio,Vazio,Vazio,Vazio,Vazio,O,Vazio,Vazio,Vazio,Vazio,Vazio,Vazio,Vazio,Vazio,Vazio,Vazio,Vazio,drop_2
X,Vazio,Vazio,Vazio,Vazio,Vazio,X,Vazio,Vazio,Vazio,Vazio,Vazio,O,X,O,Vazio,Vazio,Vazio,X,O,X,X,O,Vazio,O,Vazio,Vazio,Vazio,Vazio,Vazio,O,Vazio,Vazio,Vazio,Vazio,Vazio,Vazio,Vazio,Vazio,Vazio,Vazio,Vazio,drop_5
X,Vazio,Vazio,Vazio,Vazio,Vazio,X,Vazio,Vazio,Vazio,Vazio,Vazio,O,X,O,Vazio,Vazio,Vazio,X,O,X,X,O,Vazio,O,Vazio,Vazio,Vazio,Vazio,Vazio,O,X,Vazio,Vazio,Vazio,Vazio,Vazio,Vazio,Vazio,Vazio,Vazio,Vazio,drop_1
X,Vazio,Vazio,Vazio,Vazio,Vazio,X,O,Vazio,Vazio,Vazio,Vazio,O,X,O,Vazio,Vazio,Vazio,X,O,X,X,O,Vazio,O,Vazio,Vazio,Vazio,Vazio,Vazio,O,X,Vazio,Vazio,Vazio,Vazio,Vazio,Vazio,Vazio,Vazio,Vazio,Vazio,drop_4
X,Vazio,Vazio,Vazio,Vazio,Vazio,X,O,Vazio,Vazio,Vazio,Vazio,O,X,O,Vazio,Vazio,Vazio,X,O,X,X,O,Vazio,O,X,Vazio,Vazio,Vazio,Vazio,O,X,Vazio,Vazio,Vazio,Vazio,Vazio,Vazio,Vazio,Vazio,Vazio,Vazio,pop_4
X,Vazio,Vazio,Vazio,Vazio,Vazio,X,O,Vazio,Vazio,Vazio,Vazio,O,X,O,Vazio,Vazio,Vazio,X,O,X,X,O,Vazio,X,Vazio,Vazio,Vazio,Vazio,Vazio,O,X,Vazio,Vazio,Vazio,Vazio,Vazio,Vazio,Vazio,Vazio,Vazio,Vazio,drop_4
X,Vazio,Vazio,Vazio,Vazio,Vazio,X,O,Vazio,Vazio,Vazio,Vazio,O,X,O,Vazio,Vazio,Vazio,X,O,X,X,O,Vazio,X,X,Vazio,Vazio,Vazio,Vazio,O,X,Vazio,Vazio,Vazio,Vazio,Vazio,Vazio,Vazio,Vazio,Vazio,Vazio,drop_1
X,Vazio,Vazio,Vazio,Vazio,Vazio,X,O,O,Vazio,Vazio,Vazio,O,X,O,Vazio,Vazio,Vazio,X,O,X,X,O,Vazio,X,X,Vazio,Vazio,Vazio,Vazio,O,X,Vazio,Vazio,Vazio,Vazio,Vazio,Vazio,Vazio,Vazio,Vazio,Vazio,pop_3
Vazio,Vazio,Vazio,Vazio,Vazio,Vazio,Vazio,Vazio,Vazio,Vazio,Vazio,Vazio,Vazio,Vazio,Vazio,Vazio,Vazio,Vazio,Vazio,Vazio,Vazio,Vazio,Vazio,Vazio,Vazio,Vazio,Vazio,Vazio,Vazio,Vazio,Vazio,Vazio,Vazio,Vazio,Vazio,Vazio,Vazio,Vazio,Vazio,Vazio,Vazio,Vazio,drop_4
Vazio,Vazio,Vazio,Vazio,Vazio,Vazio,Vazio,Vazio,Vazio,Vazio,Vazio,Vazio,Vazio,Vazio,Vazio,Vazio,Vazio,Vazio,Vazio,Vazio,Vazio,Vazio,Vazio,Vazio,X,Vazio,Vazio,Vazio,Vazio,Vazio,Vazio,Vazio,Vazio,Vazio,Vazio,Vazio,Vazio,Vazio,Vazio,Vazio,Vazio,Vazio,drop_3
Vazio,Vazio,Vazio,Vazio,Vazio,Vazio,Vazio,Vazio,Vazio,Vazio,Vazio,Vazio,Vazio,Vazio,Vazio,Vazio,Vazio,Vazio,O,Vazio,Vazio,Vazio,Vazio,Vazio,X,Vazio,Vazio,Vazio,Vazio,Vazio,Vazio,Vazio,Vazio,Vazio,Vazio,Vazio,Vazio,Vazio,Vazio,Vazio,Vazio,Vazio,drop_3
Vazio,Vazio,Vazio,Vazio,Vazio,Vazio,Vazio,Vazio,Vazio,Vazio,Vazio,Vazio,Vazio,Vazio,Vazio,Vazio,Vazio,Vazio,O,X,Vazio,Vazio,Vazio,Vazio,X,Vazio,Vazio,Vazio,Vazio,Vazio,Vazio,Vazio,Vazio,Vazio,Vazio,Vazio,Vazio,Vazio,Vazio,Vazio,Vazio,Vazio,drop_4
Vazio,Vazio,Vazio,Vazio,Vazio,Vazio,Vazio,Vazio,Vazio,Vazio,Vazio,Vazio,Vazio,Vazio,Vazio,Vazio,Vazio,Vazio,O,X,Vazio,Vazio,Vazio,Vazio,X,O,Vazio,Vazio,Vazio,Vazio,Vazio,Vazio,Vazio,Vazio,Vazio,Vazio,Vazio,Vazio,Vazio,Vazio,Vazio,Vazio,drop_1
Vazio,Vazio,Vazio,Vazio,Vazio,Vazio,X,Vazio,Vazio,Vazio,Vazio,Vazio,Vazio,Vazio,Vazio,Vazio,Vazio,Vazio,O,X,Vazio,Vazio,Vazio,Vazio,X,O,Vazio,Vazio,Vazio,Vazio,Vazio,Vazio,Vazio,Vazio,Vazio,Vazio,Vazio,Vazio,Vazio,Vazio,Vazio,Vazio,drop_0
O,Vazio,Vazio,Vazio,Vazio,Vazio,X,Vazio,Vazio,Vazio,Vazio,Vazio,Vazio,Vazio,Vazio,Vazio,Vazio,Vazio,O,X,Vazio,Vazio,Vazio,Vazio,X,O,Vazio,Vazio,Vazio,Vazio,Vazio,Vazio,Vazio,Vazio,Vazio,Vazio,Vazio,Vazio,Vazio,Vazio,Vazio,Vazio,drop_2
O,Vazio,Vazio,Vazio,Vazio,Vazio,X,Vazio,Vazio,Vazio,Vazio,Vazio,X,Vazio,Vazio,Vazio,Vazio,Vazio,O,X,Vazio,Vazio,Vazio,Vazio,X,O,Vazio,Vazio,Vazio,Vazio,Vazio,Vazio,Vazio,Vazio,Vazio,Vazio,Vazio,Vazio,Vazio,Vazio,Vazio,Vazio,drop_2
O,Vazio,Vazio,Vazio,Vazio,Vazio,X,Vazio,Vazio,Vazio,Vazio,Vazio,X,O,Vazio,Vazio,Vazio,Vazio,O,X,Vazio,Vazio,Vazio,Vazio,X,O,Vazio,Vazio,Vazio,Vazio,Vazio,Vazio,Vazio,Vazio,Vazio,Vazio,Vazio,Vazio,Vazio,Vazio,Vazio,Vazio,drop_1
O,Vazio,Vazio,Vazio,Vazio,Vazio,X,X,Vazio,Vazio,Vazio,Vazio,X,O,Vazio,Vazio,Vazio,Vazio,O,X,Vazio,Vazio,Vazio,Vazio,X,O,Vazio,Vazio,Vazio,Vazio,Vazio,Vazio,Vazio,Vazio,Vazio,Vazio,Vazio,Vazio,Vazio,Vazio,Vazio,Vazio,drop_2
O,Vazio,Vazio,Vazio,Vazio,Vazio,X,X,Vazio,Vazio,Vazio,Vazio,X,O,O,Vazio,Vazio,Vazio,O,X,Vazio,Vazio,Vazio,Vazio,X,O,Vazio,Vazio,Vazio,Vazio,Vazio,Vazio,Vazio,Vazio,Vazio,Vazio,Vazio,Vazio,Vazio,Vazio,Vazio,Vazio,drop_4
O,Vazio,Vazio,Vazio,Vazio,Vazio,X,X,Vazio,Vazio,Vazio,Vazio,X,O,O,Vazio,Vazio,Vazio,O,X,Vazio,Vazio,Vazio,Vazio,X,O,X,Vazio,Vazio,Vazio,Vazio,Vazio,Vazio,Vazio,Vazio,Vazio,Vazio,Vazio,Vazio,Vazio,Vazio,Vazio,drop_2
O,Vazio,Vazio,Vazio,Vazio,Vazio,X,X,Vazio,Vazio,Vazio,Vazio,X,O,O,O,Vazio,Vazio,O,X,Vazio,Vazio,Vazio,Vazio,X,O,X,Vazio,Vazio,Vazio,Vazio,Vazio,Vazio,Vazio,Vazio,Vazio,Vazio,Vazio,Vazio,Vazio,Vazio,Vazio,drop_2
O,Vazio,Vazio,Vazio,Vazio,Vazio,X,X,Vazio,Vazio,Vazio,Vazio,X,O,O,O,X,Vazio,O,X,Vazio,Vazio,Vazio,Vazio,X,O,X,Vazio,Vazio,Vazio,Vazio,Vazio,Vazio,Vazio,Vazio,Vazio,Vazio,Vazio,Vazio,Vazio,Vazio,Vazio,drop_3
O,Vazio,Vazio,Vazio,Vazio,Vazio,X,X,Vazio,Vazio,Vazio,Vazio,X,O,O,O,X,Vazio,O,X,O,Vazio,Vazio,Vazio,X,O,X,Vazio,Vazio,Vazio,Vazio,Vazio,Vazio,Vazio,Vazio,Vazio,Vazio,Vazio,Vazio,Vazio,Vazio,Vazio,drop_5
O,Vazio,Vazio,Vazio,Vazio,Vazio,X,X,Vazio,Vazio,Vazio,Vazio,X,O,O,O,X,Vazio,O,X,O,Vazio,Vazio,Vazio,X,O,X,Vazio,Vazio,Vazio,X,Vazio,Vazio,Vazio,Vazio,Vazio,Vazio,Vazio,Vazio,Vazio,Vazio,Vazio,drop_1
O,Vazio,Vazio,Vazio,Vazio,Vazio,X,X,O,Vazio,Vazio,Vazio,X,O,O,O,X,Vazio,O,X,O,Vazio,Vazio,Vazio,X,O,X,Vazio,Vazio,Vazio,X,Vazio,Vazio,Vazio,Vazio,Vazio,Vazio,Vazio,Vazio,Vazio,Vazio,Vazio,drop_3
O,Vazio,Vazio,Vazio,Vazio,Vazio,X,X,O,Vazio,Vazio,Vazio,X,O,O,O,X,Vazio,O,X,O,X,Vazio,Vazio,X,O,X,Vazio,Vazio,Vazio,X,Vazio,Vazio,Vazio,Vazio,Vazio,Vazio,Vazio,Vazio,Vazio,Vazio,Vazio,drop_5
O,Vazio,Vazio,Vazio,Vazio,Vazio,X,X,O,Vazio,Vazio,Vazio,X,O,O,O,X,Vazio,O,X,O,X,Vazio,Vazio,X,O,X,Vazio,Vazio,Vazio,X,O,Vazio,Vazio,Vazio,Vazio,Vazio,Vazio,Vazio,Vazio,Vazio,Vazio,drop_5
O,Vazio,Vazio,Vazio,Vazio,Vazio,X,X,O,Vazio,Vazio,Vazio,X,O,O,O,X,Vazio,O,X,O,X,Vazio,Vazio,X,O,X,Vazio,Vazio,Vazio,X,O,X,Vazio,Vazio,Vazio,Vazio,Vazio,Vazio,Vazio,Vazio,Vazio,pop_3
Vazio,Vazio,Vazio,Vazio,Vazio,Vazio,Vazio,Vazio,Vazio,Vazio,Vazio,Vazio,Vazio,Vazio,Vazio,Vazio,Vazio,Vazio,Vazio,Vazio,Vazio,Vazio,Vazio,Vazio,Vazio,Vazio,Vazio,Vazio,Vazio,Vazio,Vazio,Vazio,Vazio,Vazio,Vazio,Vazio,Vazio,Vazio,Vazio,Vazio,Vazio,Vazio,drop_2
Vazio,Vazio,Vazio,Vazio,Vazio,Vazio,Vazio,Vazio,Vazio,Vazio,Vazio,Vazio,X,Vazio,Vazio,Vazio,Vazio,Vazio,Vazio,Vazio,Vazio,Vazio,Vazio,Vazio,Vazio,Vazio,Vazio,Vazio,Vazio,Vazio,Vazio,Vazio,Vazio,Vazio,Vazio,Vazio,Vazio,Vazio,Vazio,Vazio,Vazio,Vazio,drop_0
O,Vazio,Vazio,Vazio,Vazio,Vazio,Vazio,Vazio,Vazio,Vazio,Vazio,Vazio,X,Vazio,Vazio,Vazio,Vazio,Vazio,Vazio,Vazio,Vazio,Vazio,Vazio,Vazio,Vazio,Vazio,Vazio,Vazio,Vazio,Vazio,Vazio,Vazio,Vazio,Vazio,Vazio,Vazio,Vazio,Vazio,Vazio,Vazio,Vazio,Vazio,drop_0
O,X,Vazio,Vazio,Vazio,Vazio,Vazio,Vazio,Vazio,Vazio,Vazio,Vazio,X,Vazio,Vazio,Vazio,Vazio,Vazio,Vazio,Vazio,Vazio,Vazio,Vazio,Vazio,Vazio,Vazio,Vazio,Vazio,Vazio,Vazio,Vazio,Vazio,Vazio,Vazio,Vazio,Vazio,Vazio,Vazio,Vazio,Vazio,Vazio,Vazio,drop_1
O,X,Vazio,Vazio,Vazio,Vazio,O,Vazio,Vazio,Vazio,Vazio,Vazio,X,Vazio,Vazio,Vazio,Vazio,Vazio,Vazio,Vazio,Vazio,Vazio,Vazio,Vazio,Vazio,Vazio,Vazio,Vazio,Vazio,Vazio,Vazio,Vazio,Vazio,Vazio,Vazio,Vazio,Vazio,Vazio,Vazio,Vazio,Vazio,Vazio,drop_0
O,X,X,Vazio,Vazio,Vazio,O,Vazio,Vazio,Vazio,Vazio,Vazio,X,Vazio,Vazio,Vazio,Vazio,Vazio,Vazio,Vazio,Vazio,Vazio,Vazio,Vazio,Vazio,Vazio,Vazio,Vazio,Vazio,Vazio,Vazio,Vazio,Vazio,Vazio,Vazio,Vazio,Vazio,Vazio,Vazio,Vazio,Vazio,Vazio,drop_3
O,X,X,Vazio,Vazio,Vazio,O,Vazio,Vazio,Vazio,Vazio,Vazio,X,Vazio,Vazio,Vazio,Vazio,Vazio,O,Vazio,Vazio,Vazio,Vazio,Vazio,Vazio,Vazio,Vazio,Vazio,Vazio,Vazio,Vazio,Vazio,Vazio,Vazio,Vazio,Vazio,Vazio,Vazio,Vazio,Vazio,Vazio,Vazio,drop_0
O,X,X,X,Vazio,Vazio,O,Vazio,Vazio,Vazio,Vazio,Vazio,X,Vazio,Vazio,Vazio,Vazio,Vazio,O,Vazio,Vazio,Vazio,Vazio,Vazio,Vazio,Vazio,Vazio,Vazio,Vazio,Vazio,Vazio,Vazio,Vazio,Vazio,Vazio,Vazio,Vazio,Vazio,Vazio,Vazio,Vazio,Vazio,drop_0
O,X,X,X,O,Vazio,O,Vazio,Vazio,Vazio,Vazio,Vazio,X,Vazio,Vazio,Vazio,Vazio,Vazio,O,Vazio,Vazio,Vazio,Vazio,Vazio,Vazio,Vazio,Vazio,Vazio,Vazio,Vazio,Vazio,Vazio,Vazio,Vazio,Vazio,Vazio,Vazio,Vazio,Vazio,Vazio,Vazio,Vazio,drop_2
O,X,X,X,O,Vazio,O,Vazio,Vazio,Vazio,Vazio,Vazio,X,X,Vazio,Vazio,Vazio,Vazio,O,Vazio,Vazio,Vazio,Vazio,Vazio,Vazio,Vazio,Vazio,Vazio,Vazio,Vazio,Vazio,Vazio,Vazio,Vazio,Vazio,Vazio,Vazio,Vazio,Vazio,Vazio,Vazio,Vazio,drop_3
O,X,X,X,O,Vazio,O,Vazio,Vazio,Vazio,Vazio,Vazio,X,X,Vazio,Vazio,Vazio,Vazio,O,O,Vazio,Vazio,Vazio,Vazio,Vazio,Vazio,Vazio,Vazio,Vazio,Vazio,Vazio,Vazio,Vazio,Vazio,Vazio,Vazio,Vazio,Vazio,Vazio,Vazio,Vazio,Vazio,drop_3
O,X,X,X,O,Vazio,O,Vazio,Vazio,Vazio,Vazio,Vazio,X,X,Vazio,Vazio,Vazio,Vazio,O,O,X,Vazio,Vazio,Vazio,Vazio,Vazio,Vazio,Vazio,Vazio,Vazio,Vazio,Vazio,Vazio,Vazio,Vazio,Vazio,Vazio,Vazio,Vazio,Vazio,Vazio,Vazio,drop_2
O,X,X,X,O,Vazio,O,Vazio,Vazio,Vazio,Vazio,Vazio,X,X,O,Vazio,Vazio,Vazio,O,O,X,Vazio,Vazio,Vazio,Vazio,Vazio,Vazio,Vazio,Vazio,Vazio,Vazio,Vazio,Vazio,Vazio,Vazio,Vazio,Vazio,Vazio,Vazio,Vazio,Vazio,Vazio,drop_5
O,X,X,X,O,Vazio,O,Vazio,Vazio,Vazio,Vazio,Vazio,X,X,O,Vazio,Vazio,Vazio,O,O,X,Vazio,Vazio,Vazio,Vazio,Vazio,Vazio,Vazio,Vazio,Vazio,X,Vazio,Vazio,Vazio,Vazio,Vazio,Vazio,Vazio,Vazio,Vazio,Vazio,Vazio,drop_3
O,X,X,X,O,Vazio,O,Vazio,Vazio,Vazio,Vazio,Vazio,X,X,O,Vazio,Vazio,Vazio,O,O,X,O,Vazio,Vazio,Vazio,Vazio,Vazio,Vazio,Vazio,Vazio,X,Vazio,Vazio,Vazio,Vazio,Vazio,Vazio,Vazio,Vazio,Vazio,Vazio,Vazio,drop_2
O,X,X,X,O,Vazio,O,Vazio,Vazio,Vazio,Vazio,Vazio,X,X,O,X,Vazio,Vazio,O,O,X,O,Vazio,Vazio,Vazio,Vazio,Vazio,Vazio,Vazio,Vazio,X,Vazio,Vazio,Vazio,Vazio,Vazio,Vazio,Vazio,Vazio,Vazio,Vazio,Vazio,drop_1
