c0_r0,c0_r1,c0_r2,c0_r3,c0_r4,c0_r5,c1_r0,c1_r1,c1_r2,c1_r3,c1_r4,c1_r5,c2_r0,c2_r1,c2_r2,c2_r3,c2_r4,c2_r5,c3_r0,c3_r1,c3_r2,c3_r3,c3_r4,c3_r5,c4_r0,c4_r1,c4_r2,c4_r3,c4_r4,c4_r5,c5_r0,c5_r1,c5_r2,c5_r3,c5_r4,c5_r5,c6_r0,c6_r1,c6_r2,c6_r3,c6_r4,c6_r5,player_to_move,repetition_count,draw_legal,classe_jogada
Vazio,Vazio,Vazio,Vazio,Vazio,Vazio,Vazio,Vazio,Vazio,Vazio,Vazio,Vazio,Vazio,Vazio,Vazio,Vazio,Vazio,Vazio,Vazio,Vazio,Vazio,Vazio,Vazio,Vazio,Vazio,Vazio,Vazio,Vazio,Vazio,Vazio,Vazio,Vazio,Vazio,Vazio,Vazio,Vazio,Vazio,Vazio,Vazio,Vazio,Vazio,Vazio,X,0,False,drop_4
Vazio,Vazio,Vazio,Vazio,Vazio,Vazio,Vazio,Vazio,Vazio,Vazio,Vazio,Vazio,Vazio,Vazio,Vazio,Vazio,Vazio,Vazio,Vazio,Vazio,Vazio,Vazio,Vazio,Vazio,X,Vazio,Vazio,Vazio,Vazio,Vazio,Vazio,Vazio,Vazio,Vazio,Vazio,Vazio,Vazio,Vazio,Vazio,Vazio,Vazio,Vazio,O,0,False,drop_4
Vazio,Vazio,Vazio,Vazio,Vazio,Vazio,Vazio,Vazio,Vazio,Vazio,Vazio,Vazio,Vazio,Vazio,Vazio,Vazio,Vazio,Vazio,Vazio,Vazio,Vazio,Vazio,Vazio,Vazio,X,O,Vazio,Vazio,Vazio,Vazio,Vazio,Vazio,Vazio,Vazio,Vazio,Vazio,Vazio,Vazio,Vazio,Vazio,Vazio,Vazio,X,0,False,pop_4
Vazio,Vazio,Vazio,Vazio,Vazio,Vazio,Vazio,Vazio,Vazio,Vazio,Vazio,Vazio,Vazio,Vazio,Vazio,Vazio,Vazio,Vazio,Vazio,Vazio,Vazio,Vazio,Vazio,Vazio,O,Vazio,Vazio,Vazio,Vazio,Vazio,Vazio,Vazio,Vazio,Vazio,Vazio,Vazio,Vazio,Vazio,Vazio,Vazio,Vazio,Vazio,O,0,False,drop_3
Vazio,Vazio,Vazio,Vazio,Vazio,Vazio,Vazio,Vazio,Vazio,Vazio,Vazio,Vazio,Vazio,Vazio,Vazio,Vazio,Vazio,Vazio,O,Vazio,Vazio,Vazio,Vazio,Vazio,O,Vazio,Vazio,Vazio,Vazio,Vazio,Vazio,Vazio,Vazio,Vazio,Vazio,Vazio,Vazio,Vazio,Vazio,Vazio,Vazio,Vazio,X,0,False,drop_6
Vazio,Vazio,Vazio,Vazio,Vazio,Vazio,Vazio,Vazio,Vazio,Vazio,Vazio,Vazio,Vazio,Vazio,Vazio,Vazio,Vazio,Vazio,O,Vazio,Vazio,Vazio,Vazio,Vazio,O,Vazio,Vazio,Vazio,Vazio,Vazio,Vazio,Vazio,Vazio,Vazio,Vazio,Vazio,X,Vazio,Vazio,Vazio,Vazio,Vazio,O,0,False,drop_2
Vazio,Vazio,Vazio,Vazio,Vazio,Vazio,Vazio,Vazio,Vazio,Vazio,Vazio,Vazio,O,Vazio,Vazio,Vazio,Vazio,Vazio,O,Vazio,Vazio,Vazio,Vazio,Vazio,O,Vazio,Vazio,Vazio,Vazio,Vazio,Vazio,Vazio,Vazio,Vazio,Vazio,Vazio,X,Vazio,Vazio,Vazio,Vazio,Vazio,X,0,False,drop_1
Vazio,Vazio,Vazio,Vazio,Vazio,Vazio,X,Vazio,Vazio,Vazio,Vazio,Vazio,O,Vazio,Vazio,Vazio,Vazio,Vazio,O,Vazio,Vazio,Vazio,Vazio,Vazio,O,Vazio,Vazio,Vazio,Vazio,Vazio,Vazio,Vazio,Vazio,Vazio,Vazio,Vazio,X,Vazio,Vazio,Vazio,Vazio,Vazio,O,0,False,drop_5
Vazio,Vazio,Vazio,Vazio,Vazio,Vazio,Vazio,Vazio,Vazio,Vazio,Vazio,Vazio,Vazio,Vazio,Vazio,Vazio,Vazio,Vazio,Vazio,Vazio,Vazio,Vazio,Vazio,Vazio,Vazio,Vazio,Vazio,Vazio,Vazio,Vazio,Vazio,Vazio,Vazio,Vazio,Vazio,Vazio,Vazio,Vazio,Vazio,Vazio,Vazio,Vazio,X,0,False,drop_2
Vazio,Vazio,Vazio,Vazio,Vazio,Vazio,Vazio,Vazio,Vazio,Vazio,Vazio,Vazio,X,Vazio,Vazio,Vazio,Vazio,Vazio,Vazio,Vazio,Vazio,Vazio,Vazio,Vazio,Vazio,Vazio,Vazio,Vazio,Vazio,Vazio,Vazio,Vazio,Vazio,Vazio,Vazio,Vazio,Vazio,Vazio,Vazio,Vazio,Vazio,Vazio,O,0,False,drop_4
Vazio,Vazio,Vazio,Vazio,Vazio,Vazio,Vazio,Vazio,Vazio,Vazio,Vazio,Vazio,X,Vazio,Vazio,Vazio,Vazio,Vazio,Vazio,Vazio,Vazio,Vazio,Vazio,Vazio,O,Vazio,Vazio,Vazio,Vazio,Vazio,Vazio,Vazio,Vazio,Vazio,Vazio,Vazio,Vazio,Vazio,Vazio,Vazio,Vazio,Vazio,X,0,False,drop_2
Vazio,Vazio,Vazio,Vazio,Vazio,Vazio,Vazio,Vazio,Vazio,Vazio,Vazio,Vazio,X,X,Vazio,Vazio,Vazio,Vazio,Vazio,Vazio,Vazio,Vazio,Vazio,Vazio,O,Vazio,Vazio,Vazio,Vazio,Vazio,Vazio,Vazio,Vazio,Vazio,Vazio,Vazio,Vazio,Vazio,Vazio,Vazio,Vazio,Vazio,O,0,False,drop_3
Vazio,Vazio,Vazio,Vazio,Vazio,Vazio,Vazio,Vazio,Vazio,Vazio,Vazio,Vazio,X,X,Vazio,Vazio,Vazio,Vazio,O,Vazio,Vazio,Vazio,Vazio,Vazio,O,Vazio,Vazio,Vazio,Vazio,Vazio,Vazio,Vazio,Vazio,Vazio,Vazio,Vazio,Vazio,Vazio,Vazio,Vazio,Vazio,Vazio,X,0,False,drop_2
Vazio,Vazio,Vazio,Vazio,Vazio,Vazio,Vazio,Vazio,Vazio,Vazio,Vazio,Vazio,X,X,X,Vazio,Vazio,Vazio,O,Vazio,Vazio,Vazio,Vazio,Vazio,O,Vazio,Vazio,Vazio,Vazio,Vazio,Vazio,Vazio,Vazio,Vazio,Vazio,Vazio,Vazio,Vazio,Vazio,Vazio,Vazio,Vazio,O,0,False,drop_6
Vazio,Vazio,Vazio,Vazio,Vazio,Vazio,Vazio,Vazio,Vazio,Vazio,Vazio,Vazio,X,X,X,Vazio,Vazio,Vazio,O,Vazio,Vazio,Vazio,Vazio,Vazio,O,Vazio,Vazio,Vazio,Vazio,Vazio,Vazio,Vazio,Vazio,Vazio,Vazio,Vazio,O,Vazio,Vazio,Vazio,Vazio,Vazio,X,0,False,drop_2
Vazio,Vazio,Vazio,Vazio,Vazio,Vazio,Vazio,Vazio,Vazio,Vazio,Vazio,Vazio,Vazio,Vazio,Vazio,Vazio,Vazio,Vazio,Vazio,Vazio,Vazio,Vazio,Vazio,Vazio,Vazio,Vazio,Vazio,Vazio,Vazio,Vazio,Vazio,Vazio,Vazio,Vazio,Vazio,Vazio,Vazio,Vazio,Vazio,Vazio,Vazio,Vazio,X,0,False,drop_5
Vazio,Vazio,Vazio,Vazio,Vazio,Vazio,Vazio,Vazio,Vazio,Vazio,Vazio,Vazio,Vazio,Vazio,Vazio,Vazio,Vazio,Vazio,Vazio,Vazio,Vazio,Vazio,Vazio,Vazio,Vazio,Vazio,Vazio,Vazio,Vazio,Vazio,X,Vazio,Vazio,Vazio,Vazio,Vazio,Vazio,Vazio,Vazio,Vazio,Vazio,Vazio,O,0,False,drop_6
Vazio,Vazio,Vazio,Vazio,Vazio,Vazio,Vazio,Vazio,Vazio,Vazio,Vazio,Vazio,Vazio,Vazio,Vazio,Vazio,Vazio,Vazio,Vazio,Vazio,Vazio,Vazio,Vazio,Vazio,Vazio,Vazio,Vazio,Vazio,Vazio,Vazio,X,Vazio,Vazio,Vazio,Vazio,Vazio,O,Vazio,Vazio,Vazio,Vazio,Vazio,X,0,False,drop_0
X,Vazio,Vazio,Vazio,Vazio,Vazio,Vazio,Vazio,Vazio,Vazio,Vazio,Vazio,Vazio,Vazio,Vazio,Vazio,Vazio,Vazio,Vazio,Vazio,Vazio,Vazio,Vazio,Vazio,Vazio,Vazio,Vazio,Vazio,Vazio,Vazio,X,Vazio,Vazio,Vazio,Vazio,Vazio,O,Vazio,Vazio,Vazio,Vazio,Vazio,O,0,False,drop_1
X,Vazio,Vazio,Vazio,Vazio,Vazio,O,Vazio,Vazio,Vazio,Vazio,Vazio,Vazio,Vazio,Vazio,Vazio,Vazio,Vazio,Vazio,Vazio,Vazio,Vazio,Vazio,Vazio,Vazio,Vazio,Vazio,Vazio,Vazio,Vazio,X,Vazio,Vazio,Vazio,Vazio,Vazio,O,Vazio,Vazio,Vazio,Vazio,Vazio,X,0,False,drop_2
X,Vazio,Vazio,Vazio,Vazio,Vazio,O,Vazio,Vazio,Vazio,Vazio,Vazio,X,Vazio,Vazio,Vazio,Vazio,Vazio,Vazio,Vazio,Vazio,Vazio,Vazio,Vazio,Vazio,Vazio,Vazio,Vazio,Vazio,Vazio,X,Vazio,Vazio,Vazio,Vazio,Vazio,O,Vazio,Vazio,Vazio,Vazio,Vazio,O,0,False,pop_6
X,Vazio,Vazio,Vazio,Vazio,Vazio,O,Vazio,Vazio,Vazio,Vazio,Vazio,X,Vazio,Vazio,Vazio,Vazio,Vazio,Vazio,Vazio,Vazio,Vazio,Vazio,Vazio,Vazio,Vazio,Vazio,Vazio,Vazio,Vazio,X,Vazio,Vazio,Vazio,Vazio,Vazio,Vazio,Vazio,Vazio,Vazio,Vazio,Vazio,X,0,False,drop_1
X,Vazio,Vazio,Vazio,Vazio,Vazio,O,X,Vazio,Vazio,Vazio,Vazio,X,Vazio,Vazio,Vazio,Vazio,Vazio,Vazio,Vazio,Vazio,Vazio,Vazio,Vazio,Vazio,Vazio,Vazio,Vazio,Vazio,Vazio,X,Vazio,Vazio,Vazio,Vazio,Vazio,Vazio,Vazio,Vazio,Vazio,Vazio,Vazio,O,0,False,drop_2
X,Vazio,Vazio,Vazio,Vazio,Vazio,O,X,Vazio,Vazio,Vazio,Vazio,X,O,Vazio,Vazio,Vazio,Vazio,Vazio,Vazio,Vazio,Vazio,Vazio,Vazio,Vazio,Vazio,Vazio,Vazio,Vazio,Vazio,X,Vazio,Vazio,Vazio,Vazio,Vazio,Vazio,Vazio,Vazio,Vazio,Vazio,Vazio,X,0,False,drop_2
X,Vazio,Vazio,Vazio,Vazio,Vazio,O,X,Vazio,Vazio,Vazio,Vazio,X,O,X,Vazio,Vazio,Vazio,Vazio,Vazio,Vazio,Vazio,Vazio,Vazio,Vazio,Vazio,Vazio,Vazio,Vazio,Vazio,X,Vazio,Vazio,Vazio,Vazio,Vazio,Vazio,Vazio,Vazio,Vazio,Vazio,Vazio,O,0,False,drop_0
X,O,Vazio,Vazio,Vazio,Vazio,O,X,Vazio,Vazio,Vazio,Vazio,X,O,X,Vazio,Vazio,Vazio,Vazio,Vazio,Vazio,Vazio,Vazio,Vazio,Vazio,Vazio,Vazio,Vazio,Vazio,Vazio,X,Vazio,Vazio,Vazio,Vazio,Vazio,Vazio,Vazio,Vazio,Vazio,Vazio,Vazio,X,0,False,drop_0
X,O,X,Vazio,Vazio,Vazio,O,X,Vazio,Vazio,Vazio,Vazio,X,O,X,Vazio,Vazio,Vazio,Vazio,Vazio,Vazio,Vazio,Vazio,Vazio,Vazio,Vazio,Vazio,Vazio,Vazio,Vazio,X,Vazio,Vazio,Vazio,Vazio,Vazio,Vazio,Vazio,Vazio,Vazio,Vazio,Vazio,O,0,False,drop_4
X,O,X,Vazio,Vazio,Vazio,O,X,Vazio,Vazio,Vazio,Vazio,X,O,X,Vazio,Vazio,Vazio,Vazio,Vazio,Vazio,Vazio,Vazio,Vazio,O,Vazio,Vazio,Vazio,Vazio,Vazio,X,Vazio,Vazio,Vazio,Vazio,Vazio,Vazio,Vazio,Vazio,Vazio,Vazio,Vazio,X,0,False,drop_5
X,O,X,Vazio,Vazio,Vazio,O,X,Vazio,Vazio,Vazio,Vazio,X,O,X,Vazio,Vazio,Vazio,Vazio,Vazio,Vazio,Vazio,Vazio,Vazio,O,Vazio,Vazio,Vazio,Vazio,Vazio,X,X,Vazio,Vazio,Vazio,Vazio,Vazio,Vazio,Vazio,Vazio,Vazio,Vazio,O,0,False,drop_1
X,O,X,Vazio,Vazio,Vazio,O,X,O,Vazio,Vazio,Vazio,X,O,X,Vazio,Vazio,Vazio,Vazio,Vazio,Vazio,Vazio,Vazio,Vazio,O,Vazio,Vazio,Vazio,Vazio,Vazio,X,X,Vazio,Vazio,Vazio,Vazio,Vazio,Vazio,Vazio,Vazio,Vazio,Vazio,X,0,False,drop_5
X,O,X,Vazio,Vazio,Vazio,O,X,O,Vazio,Vazio,Vazio,X,O,X,Vazio,Vazio,Vazio,Vazio,Vazio,Vazio,Vazio,Vazio,Vazio,O,Vazio,Vazio,Vazio,Vazio,Vazio,X,X,X,Vazio,Vazio,Vazio,Vazio,Vazio,Vazio,Vazio,Vazio,Vazio,O,0,False,drop_3
X,O,X,Vazio,Vazio,Vazio,O,X,O,Vazio,Vazio,Vazio,X,O,X,Vazio,Vazio,Vazio,O,Vazio,Vazio,Vazio,Vazio,Vazio,O,Vazio,Vazio,Vazio,Vazio,Vazio,X,X,X,Vazio,Vazio,Vazio,Vazio,Vazio,Vazio,Vazio,Vazio,Vazio,X,0,False,drop_5
Vazio,Vazio,Vazio,Vazio,Vazio,Vazio,Vazio,Vazio,Vazio,Vazio,Vazio,Vazio,Vazio,Vazio,Vazio,Vazio,Vazio,Vazio,Vazio,Vazio,Vazio,Vazio,Vazio,Vazio,Vazio,Vazio,Vazio,Vazio,Vazio,Vazio,Vazio,Vazio,Vazio,Vazio,Vazio,Vazio,Vazio,Vazio,Vazio,Vazio,Vazio,Vazio,X,0,False,drop_2
Vazio,Vazio,Vazio,Vazio,Vazio,Vazio,Vazio,Vazio,Vazio,Vazio,Vazio,Vazio,X,Vazio,Vazio,Vazio,Vazio,Vazio,Vazio,Vazio,Vazio,Vazio,Vazio,Vazio,Vazio,Vazio,Vazio,Vazio,Vazio,Vazio,Vazio,Vazio,Vazio,Vazio,Vazio,Vazio,Vazio,Vazio,Vazio,Vazio,Vazio,Vazio,O,0,False,drop_4
Vazio,Vazio,Vazio,Vazio,Vazio,Vazio,Vazio,Vazio,Vazio,Vazio,Vazio,Vazio,X,Vazio,Vazio,Vazio,Vazio,Vazio,Vazio,Vazio,Vazio,Vazio,Vazio,Vazio,O,Vazio,Vazio,Vazio,Vazio,Vazio,Vazio,Vazio,Vazio,Vazio,Vazio,Vazio,Vazio,Vazio,Vazio,Vazio,Vazio,Vazio,X,0,False,drop_4
Vazio,Vazio,Vazio,Vazio,Vazio,Vazio,Vazio,Vazio,Vazio,Vazio,Vazio,Vazio,X,Vazio,Vazio,Vazio,Vazio,Vazio,Vazio,Vazio,Vazio,Vazio,Vazio,Vazio,O,X,Vazio,Vazio,Vazio,Vazio,Vazio,Vazio,Vazio,Vazio,Vazio,Vazio,Vazio,Vazio,Vazio,Vazio,Vazio,Vazio,O,0,False,drop_1
Vazio,Vazio,Vazio,Vazio,Vazio,Vazio,O,Vazio,Vazio,Vazio,Vazio,Vazio,X,Vazio,Vazio,Vazio,Vazio,Vazio,Vazio,Vazio,Vazio,Vazio,Vazio,Vazio,O,X,Vazio,Vazio,Vazio,Vazio,Vazio,Vazio,Vazio,Vazio,Vazio,Vazio,Vazio,Vazio,Vazio,Vazio,Vazio,Vazio,X,0,False,drop_4
Vazio,Vazio,Vazio,Vazio,Vazio,Vazio,O,Vazio,Vazio,Vazio,Vazio,Vazio,X,Vazio,Vazio,Vazio,Vazio,Vazio,Vazio,Vazio,Vazio,Vazio,Vazio,Vazio,O,X,X,Vazio,Vazio,Vazio,Vazio,Vazio,Vazio,Vazio,Vazio,Vazio,Vazio,Vazio,Vazio,Vazio,Vazio,Vazio,O,0,False,drop_5
Vazio,Vazio,Vazio,Vazio,Vazio,Vazio,O,Vazio,Vazio,Vazio,Vazio,Vazio,X,Vazio,Vazio,Vazio,Vazio,Vazio,Vazio,Vazio,Vazio,Vazio,Vazio,Vazio,O,X,X,Vazio,Vazio,Vazio,O,Vazio,Vazio,Vazio,Vazio,Vazio,Vazio,Vazio,Vazio,Vazio,Vazio,Vazio,X,0,False,drop_3
Vazio,Vazio,Vazio,Vazio,Vazio,Vazio,O,Vazio,Vazio,Vazio,Vazio,Vazio,X,Vazio,Vazio,Vazio,Vazio,Vazio,X,Vazio,Vazio,Vazio,Vazio,Vazio,O,X,X,Vazio,Vazio,Vazio,O,Vazio,Vazio,Vazio,Vazio,Vazio,Vazio,Vazio,Vazio,Vazio,Vazio,Vazio,O,0,False,drop_5
Vazio,Vazio,Vazio,Vazio,Vazio,Vazio,O,Vazio,Vazio,Vazio,Vazio,Vazio,X,Vazio,Vazio,Vazio,Vazio,Vazio,X,Vazio,Vazio,Vazio,Vazio,Vazio,O,X,X,Vazio,Vazio,Vazio,O,O,Vazio,Vazio,Vazio,Vazio,Vazio,Vazio,Vazio,Vazio,Vazio,Vazio,X,0,False,drop_5
Vazio,Vazio,Vazio,Vazio,Vazio,Vazio,O,Vazio,Vazio,Vazio,Vazio,Vazio,X,Vazio,Vazio,Vazio,Vazio,Vazio,X,Vazio,Vazio,Vazio,Vazio,Vazio,O,X,X,Vazio,Vazio,Vazio,O,O,X,Vazio,Vazio,Vazio,Vazio,Vazio,Vazio,Vazio,Vazio,Vazio,O,0,False,drop_4
Vazio,Vazio,Vazio,Vazio,Vazio,Vazio,O,Vazio,Vazio,Vazio,Vazio,Vazio,X,Vazio,Vazio,Vazio,Vazio,Vazio,X,Vazio,Vazio,Vazio,Vazio,Vazio,O,X,X,O,Vazio,Vazio,O,O,X,Vazio,Vazio,Vazio,Vazio,Vazio,Vazio,Vazio,Vazio,Vazio,X,0,False,drop_0
X,Vazio,Vazio,Vazio,Vazio,Vazio,O,Vazio,Vazio,Vazio,Vazio,Vazio,X,Vazio,Vazio,Vazio,Vazio,Vazio,X,Vazio,Vazio,Vazio,Vazio,Vazio,O,X,X,O,Vazio,Vazio,O,O,X,Vazio,Vazio,Vazio,Vazio,Vazio,Vazio,Vazio,Vazio,Vazio,O,0,False,pop_5
X,Vazio,Vazio,Vazio,Vazio,Vazio,O,Vazio,Vazio,Vazio,Vazio,Vazio,X,Vazio,Vazio,Vazio,Vazio,Vazio,X,Vazio,Vazio,Vazio,Vazio,Vazio,O,X,X,O,Vazio,Vazio,O,X,Vazio,Vazio,Vazio,Vazio,Vazio,Vazio,Vazio,Vazio,Vazio,Vazio,X,0,False,drop_0
X,X,Vazio,Vazio,Vazio,Vazio,O,Vazio,Vazio,Vazio,Vazio,Vazio,X,Vazio,Vazio,Vazio,Vazio,Vazio,X,Vazio,Vazio,Vazio,Vazio,Vazio,O,X,X,O,Vazio,Vazio,O,X,Vazio,Vazio,Vazio,Vazio,Vazio,Vazio,Vazio,Vazio,Vazio,Vazio,O,0,False,drop_3
X,X,Vazio,Vazio,Vazio,Vazio,O,Vazio,Vazio,Vazio,Vazio,Vazio,X,Vazio,Vazio,Vazio,Vazio,Vazio,X,O,Vazio,Vazio,Vazio,Vazio,O,X,X,O,Vazio,Vazio,O,X,Vazio,Vazio,Vazio,Vazio,Vazio,Vazio,Vazio,Vazio,Vazio,Vazio,X,0,False,drop_1
X,X,Vazio,Vazio,Vazio,Vazio,O,X,Vazio,Vazio,Vazio,Vazio,X,Vazio,Vazio,Vazio,Vazio,Vazio,X,O,Vazio,Vazio,Vazio,Vazio,O,X,X,O,Vazio,Vazio,O,X,Vazio,Vazio,Vazio,Vazio,Vazio,Vazio,Vazio,Vazio,Vazio,Vazio,O,0,False,drop_2
X,X,Vazio,Vazio,Vazio,Vazio,O,X,Vazio,Vazio,Vazio,Vazio,X,O,Vazio,Vazio,Vazio,Vazio,X,O,Vazio,Vazio,Vazio,Vazio,O,X,X,O,Vazio,Vazio,O,X,Vazio,Vazio,Vazio,Vazio,Vazio,Vazio,Vazio,Vazio,Vazio,Vazio,X,0,False,drop_3
X,X,Vazio,Vazio,Vazio,Vazio,O,X,Vazio,Vazio,Vazio,Vazio,X,O,Vazio,Vazio,Vazio,Vazio,X,O,X,Vazio,Vazio,Vazio,O,X,X,O,Vazio,Vazio,O,X,Vazio,Vazio,Vazio,Vazio,Vazio,Vazio,Vazio,Vazio,Vazio,Vazio,O,0,False,drop_2
X,X,Vazio,Vazio,Vazio,Vazio,O,X,Vazio,Vazio,Vazio,Vazio,X,O,O,Vazio,Vazio,Vazio,X,O,X,Vazio,Vazio,Vazio,O,X,X,O,Vazio,Vazio,O,X,Vazio,Vazio,Vazio,Vazio,Vazio,Vazio,Vazio,Vazio,Vazio,Vazio,X,0,False,drop_2
X,X,Vazio,Vazio,Vazio,Vazio,O,X,Vazio,Vazio,Vazio,Vazio,X,O,O,X,Vazio,Vazio,X,O,X,Vazio,Vazio,Vazio,O,X,X,O,Vazio,Vazio,O,X,Vazio,Vazio,Vazio,Vazio,Vazio,Vazio,Vazio,Vazio,Vazio,Vazio,O,0,False,drop_0
X,X,O,Vazio,Vazio,Vazio,O,X,Vazio,Vazio,Vazio,Vazio,X,O,O,X,Vazio,Vazio,X,O,X,Vazio,Vazio,Vazio,O,X,X,O,Vazio,Vazio,O,X,Vazio,Vazio,Vazio,Vazio,Vazio,Vazio,Vazio,Vazio,Vazio,Vazio,X,0,False,drop_5
X,X,O,Vazio,Vazio,Vazio,O,X,Vazio,Vazio,Vazio,Vazio,X,O,O,X,Vazio,Vazio,X,O,X,Vazio,Vazio,Vazio,O,X,X,O,Vazio,Vazio,O,X,X,Vazio,Vazio,Vazio,Vazio,Vazio,Vazio,Vazio,Vazio,Vazio,O,0,False,drop_6
X,X,O,Vazio,Vazio,Vazio,O,X,Vazio,Vazio,Vazio,Vazio,X,O,O,X,Vazio,Vazio,X,O,X,Vazio,Vazio,Vazio,O,X,X,O,Vazio,Vazio,O,X,X,Vazio,Vazio,Vazio,O,Vazio,Vazio,Vazio,Vazio,Vazio,X,0,False,drop_0
X,X,O,X,Vazio,Vazio,O,X,Vazio,Vazio,Vazio,Vazio,X,O,O,X,Vazio,Vazio,X,O,X,Vazio,Vazio,Vazio,O,X,X,O,Vazio,Vazio,O,X,X,Vazio,Vazio,Vazio,O,Vazio,Vazio,Vazio,Vazio,Vazio,O,0,False,drop_1
X,X,O,X,Vazio,Vazio,O,X,O,Vazio,Vazio,Vazio,X,O,O,X,Vazio,Vazio,X,O,X,Vazio,Vazio,Vazio,O,X,X,O,Vazio,Vazio,O,X,X,Vazio,Vazio,Vazio,O,Vazio,Vazio,Vazio,Vazio,Vazio,X,0,False,pop_2
Vazio,Vazio,Vazio,Vazio,Vazio,Vazio,Vazio,Vazio,Vazio,Vazio,Vazio,Vazio,Vazio,Vazio,Vazio,Vazio,Vazio,Vazio,Vazio,Vazio,Vazio,Vazio,Vazio,Vazio,Vazio,Vazio,Vazio,Vazio,Vazio,Vazio,Vazio,Vazio,Vazio,Vazio,Vazio,Vazio,Vazio,Vazio,Vazio,Vazio,Vazio,Vazio,X,0,False,drop_1
Vazio,Vazio,Vazio,Vazio,Vazio,Vazio,X,Vazio,Vazio,Vazio,Vazio,Vazio,Vazio,Vazio,Vazio,Vazio,Vazio,Vazio,Vazio,Vazio,Vazio,Vazio,Vazio,Vazio,Vazio,Vazio,Vazio,Vazio,Vazio,Vazio,Vazio,Vazio,Vazio,Vazio,Vazio,Vazio,Vazio,Vazio,Vazio,Vazio,Vazio,Vazio,O,0,False,drop_4
Vazio,Vazio,Vazio,Vazio,Vazio,Vazio,X,Vazio,Vazio,Vazio,Vazio,Vazio,Vazio,Vazio,Vazio,Vazio,Vazio,Vazio,Vazio,Vazio,Vazio,Vazio,Vazio,Vazio,O,Vazio,Vazio,Vazio,Vazio,Vazio,Vazio,Vazio,Vazio,Vazio,Vazio,Vazio,Vazio,Vazio,Vazio,Vazio,Vazio,Vazio,X,0,False,drop_1
Vazio,Vazio,Vazio,Vazio,Vazio,Vazio,X,X,Vazio,Vazio,Vazio,Vazio,Vazio,Vazio,Vazio,Vazio,Vazio,Vazio,Vazio,Vazio,Vazio,Vazio,Vazio,Vazio,O,Vazio,Vazio,Vazio,Vazio,Vazio,Vazio,Vazio,Vazio,Vazio,Vazio,Vazio,Vazio,Vazio,Vazio,Vazio,Vazio,Vazio,O,0,False,drop_2
Vazio,Vazio,Vazio,Vazio,Vazio,Vazio,X,X,Vazio,Vazio,Vazio,Vazio,O,Vazio,Vazio,Vazio,Vazio,Vazio,Vazio,Vazio,Vazio,Vazio,Vazio,Vazio,O,Vazio,Vazio,Vazio,Vazio,Vazio,Vazio,Vazio,Vazio,Vazio,Vazio,Vazio,Vazio,Vazio,Vazio,Vazio,Vazio,Vazio,X,0,False,drop_2
Vazio,Vazio,Vazio,Vazio,Vazio,Vazio,X,X,Vazio,Vazio,Vazio,Vazio,O,X,Vazio,Vazio,Vazio,Vazio,Vazio,Vazio,Vazio,Vazio,Vazio,Vazio,O,Vazio,Vazio,Vazio,Vazio,Vazio,Vazio,Vazio,Vazio,Vazio,Vazio,Vazio,Vazio,Vazio,Vazio,Vazio,Vazio,Vazio,O,0,False,drop_4
Vazio,Vazio,Vazio,Vazio,Vazio,Vazio,X,X,Vazio,Vazio,Vazio,Vazio,O,X,Vazio,Vazio,Vazio,Vazio,Vazio,Vazio,Vazio,Vazio,Vazio,Vazio,O,O,Vazio,Vazio,Vazio,Vazio,Vazio,Vazio,Vazio,Vazio,Vazio,Vazio,Vazio,Vazio,Vazio,Vazio,Vazio,Vazio,X,0,False,drop_1
Vazio,Vazio,Vazio,Vazio,Vazio,Vazio,X,X,X,Vazio,Vazio,Vazio,O,X,Vazio,Vazio,Vazio,Vazio,Vazio,Vazio,Vazio,Vazio,Vazio,Vazio,O,O,Vazio,Vazio,Vazio,Vazio,Vazio,Vazio,Vazio,Vazio,Vazio,Vazio,Vazio,Vazio,Vazio,Vazio,Vazio,Vazio,O,0,False,drop_1
Vazio,Vazio,Vazio,Vazio,Vazio,Vazio,X,X,X,O,Vazio,Vazio,O,X,Vazio,Vazio,Vazio,Vazio,Vazio,Vazio,Vazio,Vazio,Vazio,Vazio,O,O,Vazio,Vazio,Vazio,Vazio,Vazio,Vazio,Vazio,Vazio,Vazio,Vazio,Vazio,Vazio,Vazio,Vazio,Vazio,Vazio,X,0,False,drop_4
Vazio,Vazio,Vazio,Vazio,Vazio,Vazio,X,X,X,O,Vazio,Vazio,O,X,Vazio,Vazio,Vazio,Vazio,Vazio,Vazio,Vazio,Vazio,Vazio,Vazio,O,O,X,Vazio,Vazio,Vazio,Vazio,Vazio,Vazio,Vazio,Vazio,Vazio,Vazio,Vazio,Vazio,Vazio,Vazio,Vazio,O,0,False,drop_5
Vazio,Vazio,Vazio,Vazio,Vazio,Vazio,X,X,X,O,Vazio,Vazio,O,X,Vazio,Vazio,Vazio,Vazio,Vazio,Vazio,Vazio,Vazio,Vazio,Vazio,O,O,X,Vazio,Vazio,Vazio,O,Vazio,Vazio,Vazio,Vazio,Vazio,Vazio,Vazio,Vazio,Vazio,Vazio,Vazio,X,0,False,drop_3
Vazio,Vazio,Vazio,Vazio,Vazio,Vazio,X,X,X,O,Vazio,Vazio,O,X,Vazio,Vazio,Vazio,Vazio,X,Vazio,Vazio,Vazio,Vazio,Vazio,O,O,X,Vazio,Vazio,Vazio,O,Vazio,Vazio,Vazio,Vazio,Vazio,Vazio,Vazio,Vazio,Vazio,Vazio,Vazio,O,0,False,drop_3
Vazio,Vazio,Vazio,Vazio,Vazio,Vazio,X,X,X,O,Vazio,Vazio,O,X,Vazio,Vazio,Vazio,Vazio,X,O,Vazio,Vazio,Vazio,Vazio,O,O,X,Vazio,Vazio,Vazio,O,Vazio,Vazio,Vazio,Vazio,Vazio,Vazio,Vazio,Vazio,Vazio,Vazio,Vazio,X,0,False,drop_3
Vazio,Vazio,Vazio,Vazio,Vazio,Vazio,X,X,X,O,Vazio,Vazio,O,X,Vazio,Vazio,Vazio,Vazio,X,O,X,Vazio,Vazio,Vazio,O,O,X,Vazio,Vazio,Vazio,O,Vazio,Vazio,Vazio,Vazio,Vazio,Vazio,Vazio,Vazio,Vazio,Vazio,Vazio,O,0,False,drop_2
Vazio,Vazio,Vazio,Vazio,Vazio,Vazio,Vazio,Vazio,Vazio,Vazio,Vazio,Vazio,Vazio,Vazio,Vazio,Vazio,Vazio,Vazio,Vazio,Vazio,Vazio,Vazio,Vazio,Vazio,Vazio,Vazio,Vazio,Vazio,Vazio,Vazio,Vazio,Vazio,Vazio,Vazio,Vazio,Vazio,Vazio,Vazio,Vazio,Vazio,Vazio,Vazio,X,0,False,drop_1
Vazio,Vazio,Vazio,Vazio,Vazio,Vazio,X,Vazio,Vazio,Vazio,Vazio,Vazio,Vazio,Vazio,Vazio,Vazio,Vazio,Vazio,Vazio,Vazio,Vazio,Vazio,Vazio,Vazio,Vazio,Vazio,Vazio,Vazio,Vazio,Vazio,Vazio,Vazio,Vazio,Vazio,Vazio,Vazio,Vazio,Vazio,Vazio,Vazio,Vazio,Vazio,O,0,False,drop_3
Vazio,Vazio,Vazio,Vazio,Vazio,Vazio,X,Vazio,Vazio,Vazio,Vazio,Vazio,Vazio,Vazio,Vazio,Vazio,Vazio,Vazio,O,Vazio,Vazio,Vazio,Vazio,Vazio,Vazio,Vazio,Vazio,Vazio,Vazio,Vazio,Vazio,Vazio,Vazio,Vazio,Vazio,Vazio,Vazio,Vazio,Vazio,Vazio,Vazio,Vazio,X,0,False,drop_3
Vazio,Vazio,Vazio,Vazio,Vazio,Vazio,X,Vazio,Vazio,Vazio,Vazio,Vazio,Vazio,Vazio,Vazio,Vazio,Vazio,Vazio,O,X,Vazio,Vazio,Vazio,Vazio,Vazio,Vazio,Vazio,Vazio,Vazio,Vazio,Vazio,Vazio,Vazio,Vazio,Vazio,Vazio,Vazio,Vazio,Vazio,Vazio,Vazio,Vazio,O,0,False,drop_2
Vazio,Vazio,Vazio,Vazio,Vazio,Vazio,X,Vazio,Vazio,Vazio,Vazio,Vazio,O,Vazio,Vazio,Vazio,Vazio,Vazio,O,X,Vazio,Vazio,Vazio,Vazio,Vazio,Vazio,Vazio,Vazio,Vazio,Vazio,Vazio,Vazio,Vazio,Vazio,Vazio,Vazio,Vazio,Vazio,Vazio,Vazio,Vazio,Vazio,X,0,False,drop_0
X,Vazio,Vazio,Vazio,Vazio,Vazio,X,Vazio,Vazio,Vazio,Vazio,Vazio,O,Vazio,Vazio,Vazio,Vazio,Vazio,O,X,Vazio,Vazio,Vazio,Vazio,Vazio,Vazio,Vazio,Vazio,Vazio,Vazio,Vazio,Vazio,Vazio,Vazio,Vazio,Vazio,Vazio,Vazio,Vazio,Vazio,Vazio,Vazio,O,0,False,drop_4
X,Vazio,Vazio,Vazio,Vazio,Vazio,X,Vazio,Vazio,Vazio,Vazio,Vazio,O,Vazio,Vazio,Vazio,Vazio,Vazio,O,X,Vazio,Vazio,Vazio,Vazio,O,Vazio,Vazio,Vazio,Vazio,Vazio,Vazio,Vazio,Vazio,Vazio,Vazio,Vazio,Vazio,Vazio,Vazio,Vazio,Vazio,Vazio,X,0,False,drop_4
X,Vazio,Vazio,Vazio,Vazio,Vazio,X,Vazio,Vazio,Vazio,Vazio,Vazio,O,Vazio,Vazio,Vazio,Vazio,Vazio,O,X,Vazio,Vazio,Vazio,Vazio,O,X,Vazio,Vazio,Vazio,Vazio,Vazio,Vazio,Vazio,Vazio,Vazio,Vazio,Vazio,Vazio,Vazio,Vazio,Vazio,Vazio,O,0,False,drop_5
